[{"model": "dashboard.userdashboardmodule", "pk": 1, "fields": {"title": "Quick links", "module": "jet.dashboard.modules.LinkList", "app_label": null, "user": 1, "column": 0, "order": 0, "settings": "{\"draggable\": false, \"deletable\": false, \"collapsible\": false, \"layout\": \"inline\"}", "children": "[{\"title\": \"Return to site\", \"url\": \"/\"}, {\"title\": \"Change password\", \"url\": \"/admin/password_change/\"}, {\"title\": \"Log out\", \"url\": \"/admin/logout/\"}]", "collapsed": false}}, {"model": "dashboard.userdashboardmodule", "pk": 2, "fields": {"title": "Applications", "module": "jet.dashboard.modules.AppList", "app_label": null, "user": 1, "column": 1, "order": 0, "settings": "{\"models\": null, \"exclude\": [\"auth.*\"]}", "children": "", "collapsed": false}}, {"model": "dashboard.userdashboardmodule", "pk": 3, "fields": {"title": "Administration", "module": "jet.dashboard.modules.AppList", "app_label": null, "user": 1, "column": 0, "order": 1, "settings": "{\"models\": [\"auth.*\"], \"exclude\": null}", "children": "", "collapsed": false}}, {"model": "dashboard.userdashboardmodule", "pk": 4, "fields": {"title": "Recent Actions", "module": "jet.dashboard.modules.RecentActions", "app_label": null, "user": 1, "column": 2, "order": 0, "settings": "{\"limit\": 10, \"include_list\": null, \"exclude_list\": null, \"user\": null}", "children": "", "collapsed": false}}, {"model": "contenttypes.contenttype", "pk": 1, "fields": {"app_label": "admin", "model": "logentry"}}, {"model": "contenttypes.contenttype", "pk": 2, "fields": {"app_label": "auth", "model": "user"}}, {"model": "contenttypes.contenttype", "pk": 3, "fields": {"app_label": "auth", "model": "permission"}}, {"model": "contenttypes.contenttype", "pk": 4, "fields": {"app_label": "auth", "model": "group"}}, {"model": "contenttypes.contenttype", "pk": 5, "fields": {"app_label": "contenttypes", "model": "contenttype"}}, {"model": "contenttypes.contenttype", "pk": 6, "fields": {"app_label": "sessions", "model": "session"}}, {"model": "contenttypes.contenttype", "pk": 7, "fields": {"app_label": "faculty", "model": "timeslot"}}, {"model": "contenttypes.contenttype", "pk": 8, "fields": {"app_label": "faculty", "model": "leave"}}, {"model": "contenttypes.contenttype", "pk": 9, "fields": {"app_label": "faculty", "model": "daysofweek"}}, {"model": "contenttypes.contenttype", "pk": 10, "fields": {"app_label": "faculty", "model": "subject"}}, {"model": "contenttypes.contenttype", "pk": 11, "fields": {"app_label": "faculty", "model": "lecture"}}, {"model": "contenttypes.contenttype", "pk": 12, "fields": {"app_label": "faculty", "model": "loadshift"}}, {"model": "contenttypes.contenttype", "pk": 13, "fields": {"app_label": "faculty", "model": "year"}}, {"model": "contenttypes.contenttype", "pk": 14, "fields": {"app_label": "faculty", "model": "division"}}, {"model": "contenttypes.contenttype", "pk": 15, "fields": {"app_label": "faculty", "model": "room"}}, {"model": "contenttypes.contenttype", "pk": 16, "fields": {"app_label": "faculty", "model": "batch"}}, {"model": "contenttypes.contenttype", "pk": 17, "fields": {"app_label": "faculty", "model": "makeuplecture"}}, {"model": "contenttypes.contenttype", "pk": 18, "fields": {"app_label": "faculty", "model": "ia"}}, {"model": "contenttypes.contenttype", "pk": 19, "fields": {"app_label": "faculty", "model": "guestlecture"}}, {"model": "contenttypes.contenttype", "pk": 20, "fields": {"app_label": "faculty", "model": "od"}}, {"model": "contenttypes.contenttype", "pk": 21, "fields": {"app_label": "mailer", "model": "dontsendentry"}}, {"model": "contenttypes.contenttype", "pk": 22, "fields": {"app_label": "mailer", "model": "message"}}, {"model": "contenttypes.contenttype", "pk": 23, "fields": {"app_label": "mailer", "model": "messagelog"}}, {"model": "contenttypes.contenttype", "pk": 24, "fields": {"app_label": "jet", "model": "bookmark"}}, {"model": "contenttypes.contenttype", "pk": 25, "fields": {"app_label": "jet", "model": "pinnedapplication"}}, {"model": "contenttypes.contenttype", "pk": 26, "fields": {"app_label": "dashboard", "model": "userdashboardmodule"}}, {"model": "sessions.session", "pk": "033fdt2ozon05ouk3fo5iczhklrh02x7", "fields": {"session_data": "NDRkZjVmNGNjMTM3YTUzMzIzNzdlOGU4ODQxY2VkZmJmMWVmOWE0Mjp7Il9hdXRoX3VzZXJfaWQiOiIyIiwiX2F1dGhfdXNlcl9iYWNrZW5kIjoiZGphbmdvLmNvbnRyaWIuYXV0aC5iYWNrZW5kcy5Nb2RlbEJhY2tlbmQiLCJfYXV0aF91c2VyX2hhc2giOiI5YTk2MzUxMzJkOWIzN2RjNGQyYmIxY2YwOTQ4ZTg1OTNjMTUwZGRlIn0=", "expire_date": "2019-07-15T07:35:52.673Z"}}, {"model": "sessions.session", "pk": "08hvqt8h0csioy21b41obxj0i7is8q1q", "fields": {"session_data": "ZmRlOTA0NDFlY2YxMmFhNGIwZDg3NTQwMDBkZGE5YzViNDdiYmIwMTp7Il9hdXRoX3VzZXJfaWQiOiI1IiwiX2F1dGhfdXNlcl9iYWNrZW5kIjoiZGphbmdvLmNvbnRyaWIuYXV0aC5iYWNrZW5kcy5Nb2RlbEJhY2tlbmQiLCJfYXV0aF91c2VyX2hhc2giOiI2ZWE1YzdiOTgyYTFlNmM1M2ExNDQyMGEwZjRiNjAzZjk3YjljNmNkIn0=", "expire_date": "2019-07-19T14:00:58.063Z"}}, {"model": "sessions.session", "pk": "1jp9ysenvwhe4wfyy5isc3rld0t3585o", "fields": {"session_data": "YTZkYzdjODcwODgwZjMyOGJlOWVhZjFlODgyODk3MzQ1YjVmYjk0ODp7Il9hdXRoX3VzZXJfaGFzaCI6ImViZGM5MjQzYmU3ZWYyMzNhNGI1YmM1NzE4N2I4NTg2YWYyOGY2M2EiLCJfYXV0aF91c2VyX2lkIjoiMSIsIl9hdXRoX3VzZXJfYmFja2VuZCI6ImRqYW5nby5jb250cmliLmF1dGguYmFja2VuZHMuTW9kZWxCYWNrZW5kIn0=", "expire_date": "2019-04-19T05:37:04.754Z"}}, {"model": "sessions.session", "pk": "34ulbp2hef1sgd95p6dy7cezqlvr5ujw", "fields": {"session_data": "MDk1ZTNiODJjZDFlOTlkNmNiM2FiMTBiYTI0ODQyYWI5Mzc2MzU2NDp7Il9hdXRoX3VzZXJfaWQiOiIzIiwiX2F1dGhfdXNlcl9iYWNrZW5kIjoiZGphbmdvLmNvbnRyaWIuYXV0aC5iYWNrZW5kcy5Nb2RlbEJhY2tlbmQiLCJfYXV0aF91c2VyX2hhc2giOiI3NWYwOTkwYTIyMDUxZjNkMWZkZGM3YjliMTRhOWIxNzViZDE3NWQxIn0=", "expire_date": "2019-07-16T16:11:11.141Z"}}, {"model": "sessions.session", "pk": "4wsmzkaezetdw2jdeptwxaaydnq6sqds", "fields": {"session_data": "NGY1YTExMGQ1YjkyOTE4MWZhNDRlMGJlOWYzZTQzMDQ4OWM3NTdhYTp7Il9hdXRoX3VzZXJfaWQiOiIxIiwiX2F1dGhfdXNlcl9iYWNrZW5kIjoiZGphbmdvLmNvbnRyaWIuYXV0aC5iYWNrZW5kcy5Nb2RlbEJhY2tlbmQiLCJfYXV0aF91c2VyX2hhc2giOiJkMzBjNDQ0OTVkMTRhNTM1Yzg2OWE3NWM1ZjkwNTJlZjQwYmQxYzY0In0=", "expire_date": "2019-07-07T07:29:37.133Z"}}, {"model": "sessions.session", "pk": "4yoenm3y3w0ftbo6448ulmzqbhxjh06i", "fields": {"session_data": "ZDZkZTIzYzFjZTlkZDlkMDI5N2M2YmNjNmRhMzQxOTdkZDBiZDA4MTp7Il9hdXRoX3VzZXJfYmFja2VuZCI6ImRqYW5nby5jb250cmliLmF1dGguYmFja2VuZHMuTW9kZWxCYWNrZW5kIiwiX2F1dGhfdXNlcl9oYXNoIjoiZWJkYzkyNDNiZTdlZjIzM2E0YjViYzU3MTg3Yjg1ODZhZjI4ZjYzYSIsIl9hdXRoX3VzZXJfaWQiOiIxIn0=", "expire_date": "2019-04-22T08:47:12.707Z"}}, {"model": "sessions.session", "pk": "5p3hdwbbz02wzva0nzoegennndu07jvh", "fields": {"session_data": "YjVlZmZkNzM5MmQwZWE1NzE4NDMzODEwYTE2YWZiNDE4ZjM2NzI5Nzp7Il9hdXRoX3VzZXJfaWQiOiIxIiwiX2F1dGhfdXNlcl9iYWNrZW5kIjoiZGphbmdvLmNvbnRyaWIuYXV0aC5iYWNrZW5kcy5Nb2RlbEJhY2tlbmQiLCJfYXV0aF91c2VyX2hhc2giOiJjYjc2ZDMyYzk1YmEyN2U1YmM3ZGIzMzE3Mjk5YjExNDU2YWNmNjVlIn0=", "expire_date": "2019-06-17T05:09:57.949Z"}}, {"model": "sessions.session", "pk": "78zldl0hyv005sh9bjkb15pbdwbojp9q", "fields": {"session_data": "MzNjNDgyYzQ1OGIzMzU2NzdiMjRjYmJmYzJjM2FjOTQzNzk0ZWU0Njp7Il9hdXRoX3VzZXJfaWQiOiIyIiwiX2F1dGhfdXNlcl9iYWNrZW5kIjoiZGphbmdvLmNvbnRyaWIuYXV0aC5iYWNrZW5kcy5Nb2RlbEJhY2tlbmQiLCJfYXV0aF91c2VyX2hhc2giOiJkYmY2NWY5N2Y2MTM5ZDhiZjExYTQ3MGVhZmE1YmJlMjJkOGQwMTFhIn0=", "expire_date": "2019-07-05T12:05:20.948Z"}}, {"model": "sessions.session", "pk": "7a00ezy9p0j6gyiey8mr1xrixe1umbly", "fields": {"session_data": "NGY1YTExMGQ1YjkyOTE4MWZhNDRlMGJlOWYzZTQzMDQ4OWM3NTdhYTp7Il9hdXRoX3VzZXJfaWQiOiIxIiwiX2F1dGhfdXNlcl9iYWNrZW5kIjoiZGphbmdvLmNvbnRyaWIuYXV0aC5iYWNrZW5kcy5Nb2RlbEJhY2tlbmQiLCJfYXV0aF91c2VyX2hhc2giOiJkMzBjNDQ0OTVkMTRhNTM1Yzg2OWE3NWM1ZjkwNTJlZjQwYmQxYzY0In0=", "expire_date": "2019-07-18T12:05:07.786Z"}}, {"model": "sessions.session", "pk": "c2duqwgzlb3m30odq3vf1bq5axlssjqb", "fields": {"session_data": "YTBjMGMxNDdlZWM4ZGM5YWYxYmVjNGJmZDhkMjg0ZTRkZjQwZDNjYjp7Il9hdXRoX3VzZXJfaGFzaCI6ImViZGM5MjQzYmU3ZWYyMzNhNGI1YmM1NzE4N2I4NTg2YWYyOGY2M2EiLCJfYXV0aF91c2VyX2JhY2tlbmQiOiJkamFuZ28uY29udHJpYi5hdXRoLmJhY2tlbmRzLk1vZGVsQmFja2VuZCIsIl9hdXRoX3VzZXJfaWQiOiIxIn0=", "expire_date": "2019-04-19T05:54:58.500Z"}}, {"model": "sessions.session", "pk": "dzu6gt9enrcji6v09j5pqain3ycw313t", "fields": {"session_data": "YjVlZmZkNzM5MmQwZWE1NzE4NDMzODEwYTE2YWZiNDE4ZjM2NzI5Nzp7Il9hdXRoX3VzZXJfaWQiOiIxIiwiX2F1dGhfdXNlcl9iYWNrZW5kIjoiZGphbmdvLmNvbnRyaWIuYXV0aC5iYWNrZW5kcy5Nb2RlbEJhY2tlbmQiLCJfYXV0aF91c2VyX2hhc2giOiJjYjc2ZDMyYzk1YmEyN2U1YmM3ZGIzMzE3Mjk5YjExNDU2YWNmNjVlIn0=", "expire_date": "2019-06-22T04:43:38.076Z"}}, {"model": "sessions.session", "pk": "g6trh4cgb4zi0dzs4esx20uimngcnpoh", "fields": {"session_data": "NGM5MWFiN2IyNDM0NzNjNDIzNzQxZGEzYmIwNTkyMzllM2ZmMjQ2NDp7Il9hdXRoX3VzZXJfaGFzaCI6ImU2NDU2ZDhhYzRiMWFhOWJhZmEwZGNlNWE0NTJmOWNkOWJmNjNjNDkiLCJfYXV0aF91c2VyX2JhY2tlbmQiOiJkamFuZ28uY29udHJpYi5hdXRoLmJhY2tlbmRzLk1vZGVsQmFja2VuZCIsIl9hdXRoX3VzZXJfaWQiOiI1In0=", "expire_date": "2019-04-18T14:04:55.105Z"}}, {"model": "sessions.session", "pk": "ktalwk4hg72mmkoi4mm2xsr95upjwoia", "fields": {"session_data": "YTBjMGMxNDdlZWM4ZGM5YWYxYmVjNGJmZDhkMjg0ZTRkZjQwZDNjYjp7Il9hdXRoX3VzZXJfaGFzaCI6ImViZGM5MjQzYmU3ZWYyMzNhNGI1YmM1NzE4N2I4NTg2YWYyOGY2M2EiLCJfYXV0aF91c2VyX2JhY2tlbmQiOiJkamFuZ28uY29udHJpYi5hdXRoLmJhY2tlbmRzLk1vZGVsQmFja2VuZCIsIl9hdXRoX3VzZXJfaWQiOiIxIn0=", "expire_date": "2019-04-19T17:10:22.361Z"}}, {"model": "sessions.session", "pk": "ml22w7t678e61vxhjdnfzsau8u7i3nn4", "fields": {"session_data": "MzNjNDgyYzQ1OGIzMzU2NzdiMjRjYmJmYzJjM2FjOTQzNzk0ZWU0Njp7Il9hdXRoX3VzZXJfaWQiOiIyIiwiX2F1dGhfdXNlcl9iYWNrZW5kIjoiZGphbmdvLmNvbnRyaWIuYXV0aC5iYWNrZW5kcy5Nb2RlbEJhY2tlbmQiLCJfYXV0aF91c2VyX2hhc2giOiJkYmY2NWY5N2Y2MTM5ZDhiZjExYTQ3MGVhZmE1YmJlMjJkOGQwMTFhIn0=", "expire_date": "2019-07-05T06:11:37.668Z"}}, {"model": "sessions.session", "pk": "mq6d6zvqijg9znt5ar1wihlsk959cqcw", "fields": {"session_data": "ODVmODY2MGI2MGJlZGJlMWJhZWU5ZDE1NmMxY2Y0MWM1YjUzYmNmZDp7Il9hdXRoX3VzZXJfYmFja2VuZCI6ImRqYW5nby5jb250cmliLmF1dGguYmFja2VuZHMuTW9kZWxCYWNrZW5kIiwiX2F1dGhfdXNlcl9pZCI6IjEiLCJfYXV0aF91c2VyX2hhc2giOiJlYmRjOTI0M2JlN2VmMjMzYTRiNWJjNTcxODdiODU4NmFmMjhmNjNhIn0=", "expire_date": "2019-04-19T07:03:19.849Z"}}, {"model": "sessions.session", "pk": "q4ibetkbqagac7w68cer9et2pvljeduc", "fields": {"session_data": "MzA3ZGIyOTNkODhiMzBkZjQ2MWRhNGUxM2M0ODNmYWMyMDExZDUyYTp7Il9hdXRoX3VzZXJfaWQiOiIxIiwiX2F1dGhfdXNlcl9iYWNrZW5kIjoiZGphbmdvLmNvbnRyaWIuYXV0aC5iYWNrZW5kcy5Nb2RlbEJhY2tlbmQiLCJfYXV0aF91c2VyX2hhc2giOiJlYmRjOTI0M2JlN2VmMjMzYTRiNWJjNTcxODdiODU4NmFmMjhmNjNhIn0=", "expire_date": "2019-04-21T07:36:42.900Z"}}, {"model": "sessions.session", "pk": "rhlcp8vf219fcfv5vessb4o66y5k7cxb", "fields": {"session_data": "N2YwZjcxNjZhZjM1NWMyNTg0ZTNkMjhhYTY5YzU1ZWEzMmQyOWZkMDp7Il9hdXRoX3VzZXJfaWQiOiIyIiwiX2F1dGhfdXNlcl9iYWNrZW5kIjoiZGphbmdvLmNvbnRyaWIuYXV0aC5iYWNrZW5kcy5Nb2RlbEJhY2tlbmQiLCJfYXV0aF91c2VyX2hhc2giOiJkYjc1MDBiZTQyNjFkNjI4ZDc4MmMxZDczYWFlMjEzNDQ5NjcyMzQ2In0=", "expire_date": "2019-07-18T06:01:28.920Z"}}, {"model": "sessions.session", "pk": "s5yuhsg0xnbn0ptu39va0slqjgivz75u", "fields": {"session_data": "NGY1YTExMGQ1YjkyOTE4MWZhNDRlMGJlOWYzZTQzMDQ4OWM3NTdhYTp7Il9hdXRoX3VzZXJfaWQiOiIxIiwiX2F1dGhfdXNlcl9iYWNrZW5kIjoiZGphbmdvLmNvbnRyaWIuYXV0aC5iYWNrZW5kcy5Nb2RlbEJhY2tlbmQiLCJfYXV0aF91c2VyX2hhc2giOiJkMzBjNDQ0OTVkMTRhNTM1Yzg2OWE3NWM1ZjkwNTJlZjQwYmQxYzY0In0=", "expire_date": "2019-07-18T11:59:00.247Z"}}, {"model": "sessions.session", "pk": "vaszyzhhf6iulio8gqvfivlzkt0i0qwa", "fields": {"session_data": "NDRkZjVmNGNjMTM3YTUzMzIzNzdlOGU4ODQxY2VkZmJmMWVmOWE0Mjp7Il9hdXRoX3VzZXJfaWQiOiIyIiwiX2F1dGhfdXNlcl9iYWNrZW5kIjoiZGphbmdvLmNvbnRyaWIuYXV0aC5iYWNrZW5kcy5Nb2RlbEJhY2tlbmQiLCJfYXV0aF91c2VyX2hhc2giOiI5YTk2MzUxMzJkOWIzN2RjNGQyYmIxY2YwOTQ4ZTg1OTNjMTUwZGRlIn0=", "expire_date": "2019-07-16T08:22:20.326Z"}}, {"model": "mailer.messagelog", "pk": 1, "fields": {"message_data": "gANjZGphbmdvLmNvcmUubWFpbC5tZXNzYWdlCkVtYWlsTWVzc2FnZQpxACmBcQF9cQIoWAIAAAB0\nb3EDXXEEWBYAAABoLm1hbmRsZWthckBpY2xvdWQuY29tcQVhWAIAAABjY3EGXXEHWAMAAABiY2Nx\nCF1xCVgIAAAAcmVwbHlfdG9xCl1xC1gKAAAAZnJvbV9lbWFpbHEMWBMAAABjbXMua2pzY2VAZ21h\naWwuY29tcQ1YBwAAAHN1YmplY3RxDlgWAAAATmV3IExvYWQgU2hpZnQgcmVxdWVzdHEPWAQAAABi\nb2R5cRBYHwAAAExlY3R1cmUgOiBDT0EvbiBGcm9tIDogdGVhY2hlcjFxEVgLAAAAYXR0YWNobWVu\ndHNxEl1xE1gNAAAAZXh0cmFfaGVhZGVyc3EUfXEVWAoAAABNZXNzYWdlLUlEcRZYMgAAADwxNTYy\nMjM3Nzk2MDQuOTQ0LjUxOTIwNDIwOTgzMDcyNTcyNTFAdXNlci1QQy5sYW4+cRdzWAoAAABjb25u\nZWN0aW9ucRhOdWIu\n", "message_id": "<156223779604.944.5192042098307257251@user-PC.lan>", "when_added": "2019-07-02T17:12:44.912Z", "priority": "2", "when_attempted": "2019-07-04T10:56:41.540Z", "result": "1", "log_message": ""}}, {"model": "mailer.messagelog", "pk": 2, "fields": {"message_data": "gANjZGphbmdvLmNvcmUubWFpbC5tZXNzYWdlCkVtYWlsTWVzc2FnZQpxACmBcQF9cQIoWAIAAAB0\nb3EDXXEEWBYAAABoYXJzaGFsLnBtQHNvbWFpeWEuZWR1cQVhWAIAAABjY3EGXXEHWAMAAABiY2Nx\nCF1xCVgIAAAAcmVwbHlfdG9xCl1xC1gKAAAAZnJvbV9lbWFpbHEMWBMAAABjbXMua2pzY2VAZ21h\naWwuY29tcQ1YBwAAAHN1YmplY3RxDlgWAAAATmV3IExvYWQgU2hpZnQgcmVxdWVzdHEPWAQAAABi\nb2R5cRBYHwAAAExlY3R1cmUgOiBBT0EvbiBGcm9tIDogdGVhY2hlcjFxEVgLAAAAYXR0YWNobWVu\ndHNxEl1xE1gNAAAAZXh0cmFfaGVhZGVyc3EUfXEVWAoAAABNZXNzYWdlLUlEcRZYMQAAADwxNTYy\nMjM3ODAxOTEuOTQ0LjYzOTIwMDMzMzg3NTkwMjM5MkB1c2VyLVBDLmxhbj5xF3NYCgAAAGNvbm5l\nY3Rpb25xGE51Yi4=\n", "message_id": "<156223780191.944.639200333875902392@user-PC.lan>", "when_added": "2019-07-02T17:12:45.273Z", "priority": "2", "when_attempted": "2019-07-04T10:56:45.876Z", "result": "1", "log_message": ""}}, {"model": "mailer.messagelog", "pk": 3, "fields": {"message_data": "gANjZGphbmdvLmNvcmUubWFpbC5tZXNzYWdlCkVtYWlsTWVzc2FnZQpxACmBcQF9cQIoWAIAAAB0\nb3EDXXEEWBYAAABoYXJzaGFsLnBtQHNvbWFpeWEuZWR1cQVhWAIAAABjY3EGXXEHWAMAAABiY2Nx\nCF1xCVgIAAAAcmVwbHlfdG9xCl1xC1gKAAAAZnJvbV9lbWFpbHEMWBMAAABjbXMua2pzY2VAZ21h\naWwuY29tcQ1YBwAAAHN1YmplY3RxDlgWAAAATmV3IExvYWQgU2hpZnQgcmVxdWVzdHEPWAQAAABi\nb2R5cRBYHgAAAExlY3R1cmUgOiBXUC9uIEZyb20gOiB0ZWFjaGVyMXERWAsAAABhdHRhY2htZW50\nc3ESXXETWA0AAABleHRyYV9oZWFkZXJzcRR9cRVYCgAAAE1lc3NhZ2UtSURxFlgzAAAAPDE1NjIy\nMzc4MDYxNS45NDQuMTc0MDQwODYwNTI0NzM5OTI4NDVAdXNlci1QQy5sYW4+cRdzWAoAAABjb25u\nZWN0aW9ucRhOdWIu\n", "message_id": "<156223780615.944.17404086052473992845@user-PC.lan>", "when_added": "2019-07-02T17:12:45.538Z", "priority": "2", "when_attempted": "2019-07-04T10:56:50.397Z", "result": "1", "log_message": ""}}, {"model": "mailer.messagelog", "pk": 4, "fields": {"message_data": "gANjZGphbmdvLmNvcmUubWFpbC5tZXNzYWdlCkVtYWlsTWVzc2FnZQpxACmBcQF9cQIoWAIAAAB0\nb3EDXXEEWBYAAABoYXJzaGFsLnBtQHNvbWFpeWEuZWR1cQVhWAIAAABjY3EGXXEHWAMAAABiY2Nx\nCF1xCVgIAAAAcmVwbHlfdG9xCl1xC1gKAAAAZnJvbV9lbWFpbHEMWBMAAABjbXMua2pzY2VAZ21h\naWwuY29tcQ1YBwAAAHN1YmplY3RxDlgJAAAAVGVzdCBNYWlscQ9YBAAAAGJvZHlxEFgeAAAAVGhp\ncyBpcyBhIHRlc3QgbWFpbCBmcm9tIGFkbWlucRFYCwAAAGF0dGFjaG1lbnRzcRJdcRNYDQAAAGV4\ndHJhX2hlYWRlcnNxFH1xFVgKAAAATWVzc2FnZS1JRHEWWDIAAAA8MTU2MjIzNzgxMDY2Ljk0NC44\nNTI3MTkyNTUxMDEwNTk4OTA0QHVzZXItUEMubGFuPnEXc1gKAAAAY29ubmVjdGlvbnEYTnViLg==\n", "message_id": "<156223781066.944.8527192551010598904@user-PC.lan>", "when_added": "2019-07-04T10:19:49.830Z", "priority": "2", "when_attempted": "2019-07-04T10:56:55.039Z", "result": "1", "log_message": ""}}, {"model": "mailer.messagelog", "pk": 5, "fields": {"message_data": "gANjZGphbmdvLmNvcmUubWFpbC5tZXNzYWdlCkVtYWlsTXVsdGlBbHRlcm5hdGl2ZXMKcQApgXEB\nfXECKFgCAAAAdG9xA11xBFgWAAAAaGFyc2hhbC5wbUBzb21haXlhLmVkdXEFYVgCAAAAY2NxBl1x\nB1gDAAAAYmNjcQhdcQlYCAAAAHJlcGx5X3RvcQpdcQtYCgAAAGZyb21fZW1haWxxDFgTAAAAY21z\nLmtqc2NlQGdtYWlsLmNvbXENWAcAAABzdWJqZWN0cQ5YCQAAAFRlc3QgTWFpbHEPWAQAAABib2R5\ncRBYHgAAAFRoaXMgaXMgYSB0ZXN0IG1haWwgZnJvbSBhZG1pbnERWAsAAABhdHRhY2htZW50c3ES\nXXETWA0AAABleHRyYV9oZWFkZXJzcRR9cRVYCgAAAE1lc3NhZ2UtSURxFlgzAAAAPDE1NjIyMzc4\nMTUzNC45NDQuMTQ4MTQzMTIyNjE3OTIzMTAxMzRAdXNlci1QQy5sYW4+cRdzWAoAAABjb25uZWN0\naW9ucRhOWAwAAABhbHRlcm5hdGl2ZXNxGV1xGnViLg==\n", "message_id": "<156223781534.944.14814312261792310134@user-PC.lan>", "when_added": "2019-07-04T10:48:34.992Z", "priority": "2", "when_attempted": "2019-07-04T10:56:59.535Z", "result": "1", "log_message": ""}}, {"model": "faculty.year", "pk": 1, "fields": {"year": "SY"}}, {"model": "faculty.year", "pk": 2, "fields": {"year": "TY"}}, {"model": "faculty.year", "pk": 3, "fields": {"year": "LY"}}, {"model": "faculty.division", "pk": 1, "fields": {"division": "A", "div_of": null}}, {"model": "faculty.division", "pk": 3, "fields": {"division": "B", "div_of": null}}, {"model": "faculty.batch", "pk": 1, "fields": {"batch": "A1", "batch_of_year": 1, "batch_of_div": 1}}, {"model": "faculty.batch", "pk": 2, "fields": {"batch": "A2", "batch_of_year": 1, "batch_of_div": 1}}, {"model": "faculty.batch", "pk": 3, "fields": {"batch": "A3", "batch_of_year": 1, "batch_of_div": 1}}, {"model": "faculty.batch", "pk": 4, "fields": {"batch": "A4", "batch_of_year": 1, "batch_of_div": 1}}, {"model": "faculty.batch", "pk": 5, "fields": {"batch": "B1", "batch_of_year": 1, "batch_of_div": 3}}, {"model": "faculty.batch", "pk": 6, "fields": {"batch": "B2", "batch_of_year": 1, "batch_of_div": 3}}, {"model": "faculty.batch", "pk": 7, "fields": {"batch": "B3", "batch_of_year": 1, "batch_of_div": 3}}, {"model": "faculty.batch", "pk": 8, "fields": {"batch": "B4", "batch_of_year": 1, "batch_of_div": 3}}, {"model": "faculty.batch", "pk": 9, "fields": {"batch": "A1", "batch_of_year": 2, "batch_of_div": 1}}, {"model": "faculty.batch", "pk": 10, "fields": {"batch": "A2", "batch_of_year": 2, "batch_of_div": 1}}, {"model": "faculty.batch", "pk": 11, "fields": {"batch": "A3", "batch_of_year": 2, "batch_of_div": 1}}, {"model": "faculty.batch", "pk": 12, "fields": {"batch": "A4", "batch_of_year": 2, "batch_of_div": 1}}, {"model": "faculty.batch", "pk": 13, "fields": {"batch": "B1", "batch_of_year": 2, "batch_of_div": 3}}, {"model": "faculty.batch", "pk": 14, "fields": {"batch": "B2", "batch_of_year": 2, "batch_of_div": 3}}, {"model": "faculty.batch", "pk": 15, "fields": {"batch": "B3", "batch_of_year": 2, "batch_of_div": 3}}, {"model": "faculty.batch", "pk": 16, "fields": {"batch": "B4", "batch_of_year": 2, "batch_of_div": 3}}, {"model": "faculty.batch", "pk": 17, "fields": {"batch": "A1", "batch_of_year": 3, "batch_of_div": 1}}, {"model": "faculty.batch", "pk": 18, "fields": {"batch": "A2", "batch_of_year": 3, "batch_of_div": 1}}, {"model": "faculty.batch", "pk": 19, "fields": {"batch": "A3", "batch_of_year": 3, "batch_of_div": 1}}, {"model": "faculty.batch", "pk": 20, "fields": {"batch": "A4", "batch_of_year": 3, "batch_of_div": 1}}, {"model": "faculty.batch", "pk": 21, "fields": {"batch": "B1", "batch_of_year": 3, "batch_of_div": 3}}, {"model": "faculty.batch", "pk": 22, "fields": {"batch": "B2", "batch_of_year": 3, "batch_of_div": 3}}, {"model": "faculty.batch", "pk": 23, "fields": {"batch": "B3", "batch_of_year": 3, "batch_of_div": 3}}, {"model": "faculty.batch", "pk": 24, "fields": {"batch": "B4", "batch_of_year": 3, "batch_of_div": 3}}, {"model": "faculty.room", "pk": 1, "fields": {"room": "B301"}}, {"model": "faculty.room", "pk": 2, "fields": {"room": "B302"}}, {"model": "faculty.room", "pk": 3, "fields": {"room": "B303"}}, {"model": "faculty.room", "pk": 4, "fields": {"room": "B304"}}, {"model": "faculty.room", "pk": 5, "fields": {"room": "B305"}}, {"model": "faculty.room", "pk": 6, "fields": {"room": "B306"}}, {"model": "faculty.room", "pk": 7, "fields": {"room": "B307"}}, {"model": "faculty.room", "pk": 8, "fields": {"room": "B308"}}, {"model": "faculty.room", "pk": 9, "fields": {"room": "B309"}}, {"model": "faculty.room", "pk": 10, "fields": {"room": "B310"}}, {"model": "faculty.room", "pk": 11, "fields": {"room": "B311"}}, {"model": "faculty.room", "pk": 12, "fields": {"room": "B312"}}, {"model": "faculty.room", "pk": 13, "fields": {"room": "B313"}}, {"model": "faculty.room", "pk": 14, "fields": {"room": "B314"}}, {"model": "faculty.room", "pk": 15, "fields": {"room": "B315"}}, {"model": "faculty.room", "pk": 16, "fields": {"room": "B316"}}, {"model": "faculty.room", "pk": 17, "fields": {"room": "B317"}}, {"model": "faculty.timeslot", "pk": 1, "fields": {"start_time": "10:30:00", "end_time": "11:30:00"}}, {"model": "faculty.timeslot", "pk": 2, "fields": {"start_time": "11:30:00", "end_time": "12:30:00"}}, {"model": "faculty.timeslot", "pk": 3, "fields": {"start_time": "10:30:00", "end_time": "12:30:00"}}, {"model": "faculty.timeslot", "pk": 4, "fields": {"start_time": "10:30:00", "end_time": "13:15:00"}}, {"model": "faculty.timeslot", "pk": 5, "fields": {"start_time": "13:15:00", "end_time": "17:15:00"}}, {"model": "faculty.timeslot", "pk": 6, "fields": {"start_time": "13:15:00", "end_time": "14:15:00"}}, {"model": "faculty.timeslot", "pk": 7, "fields": {"start_time": "14:15:00", "end_time": "15:15:00"}}, {"model": "faculty.timeslot", "pk": 8, "fields": {"start_time": "13:15:00", "end_time": "15:15:00"}}, {"model": "faculty.timeslot", "pk": 9, "fields": {"start_time": "15:15:00", "end_time": "16:15:00"}}, {"model": "faculty.timeslot", "pk": 10, "fields": {"start_time": "16:15:00", "end_time": "17:15:00"}}, {"model": "faculty.timeslot", "pk": 11, "fields": {"start_time": "15:15:00", "end_time": "17:15:00"}}, {"model": "faculty.timeslot", "pk": 12, "fields": {"start_time": "10:30:00", "end_time": "17:15:00"}}, {"model": "faculty.daysofweek", "pk": 0, "fields": {"day_name": "Sunday"}}, {"model": "faculty.daysofweek", "pk": 1, "fields": {"day_name": "Monday"}}, {"model": "faculty.daysofweek", "pk": 2, "fields": {"day_name": "Tuesday"}}, {"model": "faculty.daysofweek", "pk": 3, "fields": {"day_name": "Wednesday"}}, {"model": "faculty.daysofweek", "pk": 4, "fields": {"day_name": "Thursday"}}, {"model": "faculty.daysofweek", "pk": 5, "fields": {"day_name": "Friday"}}, {"model": "faculty.daysofweek", "pk": 6, "fields": {"day_name": "Saturday"}}, {"model": "faculty.ia", "pk": 1, "fields": {"ia_year": 1, "ia_date": "2019-06-20", "ia_subject": 5, "ia_time": 1, "ia_in": 2}}, {"model": "faculty.ia", "pk": 2, "fields": {"ia_year": 1, "ia_date": "2019-06-17", "ia_subject": 2, "ia_time": 6, "ia_in": 15}}, {"model": "faculty.guestlecture", "pk": 1, "fields": {"lec_year": 1, "lec_date": "2019-06-20", "lec_subject": 3, "lec_time": 9, "lec_in": 17}}, {"model": "faculty.guestlecture", "pk": 2, "fields": {"lec_year": 1, "lec_date": "2019-06-18", "lec_subject": 1, "lec_time": 6, "lec_in": 2}}, {"model": "auth.permission", "pk": 1, "fields": {"name": "Can add log entry", "content_type": 1, "codename": "add_logentry"}}, {"model": "auth.permission", "pk": 2, "fields": {"name": "Can change log entry", "content_type": 1, "codename": "change_logentry"}}, {"model": "auth.permission", "pk": 3, "fields": {"name": "Can delete log entry", "content_type": 1, "codename": "delete_logentry"}}, {"model": "auth.permission", "pk": 4, "fields": {"name": "Can view log entry", "content_type": 1, "codename": "view_logentry"}}, {"model": "auth.permission", "pk": 5, "fields": {"name": "Can add user", "content_type": 2, "codename": "add_user"}}, {"model": "auth.permission", "pk": 6, "fields": {"name": "Can change user", "content_type": 2, "codename": "change_user"}}, {"model": "auth.permission", "pk": 7, "fields": {"name": "Can delete user", "content_type": 2, "codename": "delete_user"}}, {"model": "auth.permission", "pk": 8, "fields": {"name": "Can view user", "content_type": 2, "codename": "view_user"}}, {"model": "auth.permission", "pk": 9, "fields": {"name": "Can add permission", "content_type": 3, "codename": "add_permission"}}, {"model": "auth.permission", "pk": 10, "fields": {"name": "Can change permission", "content_type": 3, "codename": "change_permission"}}, {"model": "auth.permission", "pk": 11, "fields": {"name": "Can delete permission", "content_type": 3, "codename": "delete_permission"}}, {"model": "auth.permission", "pk": 12, "fields": {"name": "Can view permission", "content_type": 3, "codename": "view_permission"}}, {"model": "auth.permission", "pk": 13, "fields": {"name": "Can add group", "content_type": 4, "codename": "add_group"}}, {"model": "auth.permission", "pk": 14, "fields": {"name": "Can change group", "content_type": 4, "codename": "change_group"}}, {"model": "auth.permission", "pk": 15, "fields": {"name": "Can delete group", "content_type": 4, "codename": "delete_group"}}, {"model": "auth.permission", "pk": 16, "fields": {"name": "Can view group", "content_type": 4, "codename": "view_group"}}, {"model": "auth.permission", "pk": 17, "fields": {"name": "Can add content type", "content_type": 5, "codename": "add_contenttype"}}, {"model": "auth.permission", "pk": 18, "fields": {"name": "Can change content type", "content_type": 5, "codename": "change_contenttype"}}, {"model": "auth.permission", "pk": 19, "fields": {"name": "Can delete content type", "content_type": 5, "codename": "delete_contenttype"}}, {"model": "auth.permission", "pk": 20, "fields": {"name": "Can view content type", "content_type": 5, "codename": "view_contenttype"}}, {"model": "auth.permission", "pk": 21, "fields": {"name": "Can add session", "content_type": 6, "codename": "add_session"}}, {"model": "auth.permission", "pk": 22, "fields": {"name": "Can change session", "content_type": 6, "codename": "change_session"}}, {"model": "auth.permission", "pk": 23, "fields": {"name": "Can delete session", "content_type": 6, "codename": "delete_session"}}, {"model": "auth.permission", "pk": 24, "fields": {"name": "Can view session", "content_type": 6, "codename": "view_session"}}, {"model": "auth.permission", "pk": 25, "fields": {"name": "Can add time slot", "content_type": 7, "codename": "add_timeslot"}}, {"model": "auth.permission", "pk": 26, "fields": {"name": "Can change time slot", "content_type": 7, "codename": "change_timeslot"}}, {"model": "auth.permission", "pk": 27, "fields": {"name": "Can delete time slot", "content_type": 7, "codename": "delete_timeslot"}}, {"model": "auth.permission", "pk": 28, "fields": {"name": "Can view time slot", "content_type": 7, "codename": "view_timeslot"}}, {"model": "auth.permission", "pk": 29, "fields": {"name": "Can add leave", "content_type": 8, "codename": "add_leave"}}, {"model": "auth.permission", "pk": 30, "fields": {"name": "Can change leave", "content_type": 8, "codename": "change_leave"}}, {"model": "auth.permission", "pk": 31, "fields": {"name": "Can delete leave", "content_type": 8, "codename": "delete_leave"}}, {"model": "auth.permission", "pk": 32, "fields": {"name": "Can view leave", "content_type": 8, "codename": "view_leave"}}, {"model": "auth.permission", "pk": 33, "fields": {"name": "Can add days of week", "content_type": 9, "codename": "add_daysofweek"}}, {"model": "auth.permission", "pk": 34, "fields": {"name": "Can change days of week", "content_type": 9, "codename": "change_daysofweek"}}, {"model": "auth.permission", "pk": 35, "fields": {"name": "Can delete days of week", "content_type": 9, "codename": "delete_daysofweek"}}, {"model": "auth.permission", "pk": 36, "fields": {"name": "Can view days of week", "content_type": 9, "codename": "view_daysofweek"}}, {"model": "auth.permission", "pk": 37, "fields": {"name": "Can add subject", "content_type": 10, "codename": "add_subject"}}, {"model": "auth.permission", "pk": 38, "fields": {"name": "Can change subject", "content_type": 10, "codename": "change_subject"}}, {"model": "auth.permission", "pk": 39, "fields": {"name": "Can delete subject", "content_type": 10, "codename": "delete_subject"}}, {"model": "auth.permission", "pk": 40, "fields": {"name": "Can view subject", "content_type": 10, "codename": "view_subject"}}, {"model": "auth.permission", "pk": 41, "fields": {"name": "Can add lecture", "content_type": 11, "codename": "add_lecture"}}, {"model": "auth.permission", "pk": 42, "fields": {"name": "Can change lecture", "content_type": 11, "codename": "change_lecture"}}, {"model": "auth.permission", "pk": 43, "fields": {"name": "Can delete lecture", "content_type": 11, "codename": "delete_lecture"}}, {"model": "auth.permission", "pk": 44, "fields": {"name": "Can view lecture", "content_type": 11, "codename": "view_lecture"}}, {"model": "auth.permission", "pk": 45, "fields": {"name": "Can add load shift", "content_type": 12, "codename": "add_loadshift"}}, {"model": "auth.permission", "pk": 46, "fields": {"name": "Can change load shift", "content_type": 12, "codename": "change_loadshift"}}, {"model": "auth.permission", "pk": 47, "fields": {"name": "Can delete load shift", "content_type": 12, "codename": "delete_loadshift"}}, {"model": "auth.permission", "pk": 48, "fields": {"name": "Can view load shift", "content_type": 12, "codename": "view_loadshift"}}, {"model": "auth.permission", "pk": 49, "fields": {"name": "Can add year", "content_type": 13, "codename": "add_year"}}, {"model": "auth.permission", "pk": 50, "fields": {"name": "Can change year", "content_type": 13, "codename": "change_year"}}, {"model": "auth.permission", "pk": 51, "fields": {"name": "Can delete year", "content_type": 13, "codename": "delete_year"}}, {"model": "auth.permission", "pk": 52, "fields": {"name": "Can view year", "content_type": 13, "codename": "view_year"}}, {"model": "auth.permission", "pk": 53, "fields": {"name": "Can add division", "content_type": 14, "codename": "add_division"}}, {"model": "auth.permission", "pk": 54, "fields": {"name": "Can change division", "content_type": 14, "codename": "change_division"}}, {"model": "auth.permission", "pk": 55, "fields": {"name": "Can delete division", "content_type": 14, "codename": "delete_division"}}, {"model": "auth.permission", "pk": 56, "fields": {"name": "Can view division", "content_type": 14, "codename": "view_division"}}, {"model": "auth.permission", "pk": 57, "fields": {"name": "Can add room", "content_type": 15, "codename": "add_room"}}, {"model": "auth.permission", "pk": 58, "fields": {"name": "Can change room", "content_type": 15, "codename": "change_room"}}, {"model": "auth.permission", "pk": 59, "fields": {"name": "Can delete room", "content_type": 15, "codename": "delete_room"}}, {"model": "auth.permission", "pk": 60, "fields": {"name": "Can view room", "content_type": 15, "codename": "view_room"}}, {"model": "auth.permission", "pk": 61, "fields": {"name": "Can add batch", "content_type": 16, "codename": "add_batch"}}, {"model": "auth.permission", "pk": 62, "fields": {"name": "Can change batch", "content_type": 16, "codename": "change_batch"}}, {"model": "auth.permission", "pk": 63, "fields": {"name": "Can delete batch", "content_type": 16, "codename": "delete_batch"}}, {"model": "auth.permission", "pk": 64, "fields": {"name": "Can view batch", "content_type": 16, "codename": "view_batch"}}, {"model": "auth.permission", "pk": 65, "fields": {"name": "Can add makeup lecture", "content_type": 17, "codename": "add_makeuplecture"}}, {"model": "auth.permission", "pk": 66, "fields": {"name": "Can change makeup lecture", "content_type": 17, "codename": "change_makeuplecture"}}, {"model": "auth.permission", "pk": 67, "fields": {"name": "Can delete makeup lecture", "content_type": 17, "codename": "delete_makeuplecture"}}, {"model": "auth.permission", "pk": 68, "fields": {"name": "Can view makeup lecture", "content_type": 17, "codename": "view_makeuplecture"}}, {"model": "auth.permission", "pk": 69, "fields": {"name": "Can add ia", "content_type": 18, "codename": "add_ia"}}, {"model": "auth.permission", "pk": 70, "fields": {"name": "Can change ia", "content_type": 18, "codename": "change_ia"}}, {"model": "auth.permission", "pk": 71, "fields": {"name": "Can delete ia", "content_type": 18, "codename": "delete_ia"}}, {"model": "auth.permission", "pk": 72, "fields": {"name": "Can view ia", "content_type": 18, "codename": "view_ia"}}, {"model": "auth.permission", "pk": 73, "fields": {"name": "Can add guest lecture", "content_type": 19, "codename": "add_guestlecture"}}, {"model": "auth.permission", "pk": 74, "fields": {"name": "Can change guest lecture", "content_type": 19, "codename": "change_guestlecture"}}, {"model": "auth.permission", "pk": 75, "fields": {"name": "Can delete guest lecture", "content_type": 19, "codename": "delete_guestlecture"}}, {"model": "auth.permission", "pk": 76, "fields": {"name": "Can view guest lecture", "content_type": 19, "codename": "view_guestlecture"}}, {"model": "auth.permission", "pk": 77, "fields": {"name": "Can add od", "content_type": 20, "codename": "add_od"}}, {"model": "auth.permission", "pk": 78, "fields": {"name": "Can change od", "content_type": 20, "codename": "change_od"}}, {"model": "auth.permission", "pk": 79, "fields": {"name": "Can delete od", "content_type": 20, "codename": "delete_od"}}, {"model": "auth.permission", "pk": 80, "fields": {"name": "Can view od", "content_type": 20, "codename": "view_od"}}, {"model": "auth.permission", "pk": 81, "fields": {"name": "Can add don't send entry", "content_type": 21, "codename": "add_dontsendentry"}}, {"model": "auth.permission", "pk": 82, "fields": {"name": "Can change don't send entry", "content_type": 21, "codename": "change_dontsendentry"}}, {"model": "auth.permission", "pk": 83, "fields": {"name": "Can delete don't send entry", "content_type": 21, "codename": "delete_dontsendentry"}}, {"model": "auth.permission", "pk": 84, "fields": {"name": "Can view don't send entry", "content_type": 21, "codename": "view_dontsendentry"}}, {"model": "auth.permission", "pk": 85, "fields": {"name": "Can add message", "content_type": 22, "codename": "add_message"}}, {"model": "auth.permission", "pk": 86, "fields": {"name": "Can change message", "content_type": 22, "codename": "change_message"}}, {"model": "auth.permission", "pk": 87, "fields": {"name": "Can delete message", "content_type": 22, "codename": "delete_message"}}, {"model": "auth.permission", "pk": 88, "fields": {"name": "Can view message", "content_type": 22, "codename": "view_message"}}, {"model": "auth.permission", "pk": 89, "fields": {"name": "Can add message log", "content_type": 23, "codename": "add_messagelog"}}, {"model": "auth.permission", "pk": 90, "fields": {"name": "Can change message log", "content_type": 23, "codename": "change_messagelog"}}, {"model": "auth.permission", "pk": 91, "fields": {"name": "Can delete message log", "content_type": 23, "codename": "delete_messagelog"}}, {"model": "auth.permission", "pk": 92, "fields": {"name": "Can view message log", "content_type": 23, "codename": "view_messagelog"}}, {"model": "auth.permission", "pk": 93, "fields": {"name": "Can add bookmark", "content_type": 24, "codename": "add_bookmark"}}, {"model": "auth.permission", "pk": 94, "fields": {"name": "Can change bookmark", "content_type": 24, "codename": "change_bookmark"}}, {"model": "auth.permission", "pk": 95, "fields": {"name": "Can delete bookmark", "content_type": 24, "codename": "delete_bookmark"}}, {"model": "auth.permission", "pk": 96, "fields": {"name": "Can view bookmark", "content_type": 24, "codename": "view_bookmark"}}, {"model": "auth.permission", "pk": 97, "fields": {"name": "Can add pinned application", "content_type": 25, "codename": "add_pinnedapplication"}}, {"model": "auth.permission", "pk": 98, "fields": {"name": "Can change pinned application", "content_type": 25, "codename": "change_pinnedapplication"}}, {"model": "auth.permission", "pk": 99, "fields": {"name": "Can delete pinned application", "content_type": 25, "codename": "delete_pinnedapplication"}}, {"model": "auth.permission", "pk": 100, "fields": {"name": "Can view pinned application", "content_type": 25, "codename": "view_pinnedapplication"}}, {"model": "auth.permission", "pk": 101, "fields": {"name": "Can add user dashboard module", "content_type": 26, "codename": "add_userdashboardmodule"}}, {"model": "auth.permission", "pk": 102, "fields": {"name": "Can change user dashboard module", "content_type": 26, "codename": "change_userdashboardmodule"}}, {"model": "auth.permission", "pk": 103, "fields": {"name": "Can delete user dashboard module", "content_type": 26, "codename": "delete_userdashboardmodule"}}, {"model": "auth.permission", "pk": 104, "fields": {"name": "Can view user dashboard module", "content_type": 26, "codename": "view_userdashboardmodule"}}, {"model": "auth.user", "pk": 1, "fields": {"password": "pbkdf2_sha256$150000$snsYUeQT9ncw$L74P8uad902ACqGXI8aOgjIml9iJvZd9zTKI+AHPwDw=", "last_login": "2019-07-05T13:57:20.251Z", "is_superuser": true, "username": "admin", "first_name": "", "last_name": "", "email": "cms.kjsce@gmail.com", "is_staff": true, "is_active": true, "date_joined": "2019-04-04T07:51:09Z", "groups": [], "user_permissions": []}}, {"model": "auth.user", "pk": 2, "fields": {"password": "pbkdf2_sha256$150000$1jfKXUCM5XoI$a/kYYoE1Vjl7R7PAkilC6Qgf1L/qzb0u9hobXN8NVfw=", "last_login": "2019-07-04T06:01:28.835Z", "is_superuser": false, "username": "teacher1", "first_name": "", "last_name": "", "email": "mandlekar.prashant.harshal@gmail.com", "is_staff": false, "is_active": true, "date_joined": "2019-04-04T07:58:36Z", "groups": [], "user_permissions": []}}, {"model": "auth.user", "pk": 3, "fields": {"password": "pbkdf2_sha256$150000$hjpDeAYpw2Yh$IZReMZzUI2ycRDm1nDYEf39wi9W+Dk6bYSvZuqbgUYg=", "last_login": "2019-07-02T16:11:11.042Z", "is_superuser": false, "username": "teacher2", "first_name": "", "last_name": "", "email": "harshal.pm@somaiya.edu", "is_staff": false, "is_active": true, "date_joined": "2019-04-04T07:59:51Z", "groups": [], "user_permissions": []}}, {"model": "auth.user", "pk": 4, "fields": {"password": "pbkdf2_sha256$120000$hTg6OEp6gXxl$zE7m/RPCQRfDoiMIh9PH4GS3f6Qg2E/YowlKxJ9b7r0=", "last_login": "2019-04-08T08:23:30Z", "is_superuser": false, "username": "teacher3", "first_name": "", "last_name": "", "email": "h.mandlekar@somaiya.edu", "is_staff": false, "is_active": true, "date_joined": "2019-04-04T08:00:11Z", "groups": [], "user_permissions": []}}, {"model": "auth.user", "pk": 5, "fields": {"password": "pbkdf2_sha256$150000$NNCixuY0iDJM$CoMXBapuD5XCzRaJ5t19Rgi/PiiYqQr+n/vVwM91BZc=", "last_login": "2019-07-05T14:00:57.948Z", "is_superuser": false, "username": "teacher4", "first_name": "", "last_name": "", "email": "h.mandlekar@icloud.com", "is_staff": true, "is_active": true, "date_joined": "2019-04-04T09:58:44Z", "groups": [], "user_permissions": []}}, {"model": "faculty.leave", "pk": 61, "fields": {"leave_note": "", "leave_taken_by": 2, "approved_status": true, "leave_start_date": "2019-04-14", "leave_end_date": "2019-04-20", "leave_start_time": "09:00:00", "leave_end_time": "21:00:00"}}, {"model": "faculty.leave", "pk": 62, "fields": {"leave_note": "", "leave_taken_by": 1, "approved_status": false, "leave_start_date": "2019-06-16", "leave_end_date": "2019-06-22", "leave_start_time": "09:00:00", "leave_end_time": "21:00:00"}}, {"model": "faculty.leave", "pk": 63, "fields": {"leave_note": "", "leave_taken_by": 2, "approved_status": false, "leave_start_date": "2019-06-24", "leave_end_date": "2019-06-28", "leave_start_time": "09:00:00", "leave_end_time": "21:00:00"}}, {"model": "faculty.leave", "pk": 64, "fields": {"leave_note": "", "leave_taken_by": 2, "approved_status": false, "leave_start_date": "2019-06-03", "leave_end_date": "2019-06-07", "leave_start_time": "09:00:00", "leave_end_time": "21:00:00"}}, {"model": "faculty.leave", "pk": 65, "fields": {"leave_note": "", "leave_taken_by": 2, "approved_status": false, "leave_start_date": "2019-07-08", "leave_end_date": "2019-07-12", "leave_start_time": "10:30:00", "leave_end_time": "17:15:00"}}, {"model": "faculty.leave", "pk": 66, "fields": {"leave_note": "", "leave_taken_by": 2, "approved_status": false, "leave_start_date": "2019-07-11", "leave_end_date": "2019-07-11", "leave_start_time": "10:30:00", "leave_end_time": "01:15:00"}}, {"model": "faculty.leave", "pk": 67, "fields": {"leave_note": "", "leave_taken_by": 2, "approved_status": false, "leave_start_date": "2019-11-07", "leave_end_date": "2019-11-07", "leave_start_time": "10:30:00", "leave_end_time": "17:15:00"}}, {"model": "faculty.subject", "pk": 1, "fields": {"sname": "M4", "year": 1, "teaching_faculty": [1, 5]}}, {"model": "faculty.subject", "pk": 2, "fields": {"sname": "COA", "year": 1, "teaching_faculty": [1, 3]}}, {"model": "faculty.subject", "pk": 3, "fields": {"sname": "AOA", "year": 1, "teaching_faculty": [2, 3]}}, {"model": "faculty.subject", "pk": 4, "fields": {"sname": "DCN", "year": 1, "teaching_faculty": [3, 4]}}, {"model": "faculty.subject", "pk": 5, "fields": {"sname": "WP", "year": 1, "teaching_faculty": [4]}}, {"model": "faculty.lecture", "pk": 1, "fields": {"lname": 1, "taken_by": 1, "lec_day": 1, "lec_time": 1, "lec_div": 1, "lec_in": null, "lec_batch": null}}, {"model": "faculty.lecture", "pk": 2, "fields": {"lname": 2, "taken_by": 2, "lec_day": 1, "lec_time": 3, "lec_div": 3, "lec_in": null, "lec_batch": null}}, {"model": "faculty.lecture", "pk": 4, "fields": {"lname": 5, "taken_by": 4, "lec_day": 4, "lec_time": 7, "lec_div": 1, "lec_in": 13, "lec_batch": null}}, {"model": "faculty.lecture", "pk": 5, "fields": {"lname": 3, "taken_by": 3, "lec_day": 4, "lec_time": 2, "lec_div": 3, "lec_in": 5, "lec_batch": null}}, {"model": "faculty.lecture", "pk": 6, "fields": {"lname": 4, "taken_by": 1, "lec_day": 4, "lec_time": 2, "lec_div": 1, "lec_in": 3, "lec_batch": null}}, {"model": "faculty.lecture", "pk": 10, "fields": {"lname": 1, "taken_by": 1, "lec_day": 1, "lec_time": 3, "lec_div": 1, "lec_in": 11, "lec_batch": null}}, {"model": "faculty.lecture", "pk": 14, "fields": {"lname": 3, "taken_by": 2, "lec_day": 4, "lec_time": 7, "lec_div": 3, "lec_in": 6, "lec_batch": null}}, {"model": "faculty.lecture", "pk": 27, "fields": {"lname": 5, "taken_by": 2, "lec_day": 1, "lec_time": 11, "lec_div": 1, "lec_in": 10, "lec_batch": 1}}, {"model": "faculty.makeuplecture", "pk": 1, "fields": {"year": 1, "division": 3, "lec_date": "2019-06-13", "lec_subject": 1, "lec_taken_by": 3, "lec_time": 10, "lec_in": 3}}, {"model": "faculty.makeuplecture", "pk": 2, "fields": {"year": 1, "division": 1, "lec_date": "2019-06-13", "lec_subject": 2, "lec_taken_by": 1, "lec_time": 9, "lec_in": 2}}, {"model": "faculty.makeuplecture", "pk": 3, "fields": {"year": 1, "division": 3, "lec_date": "2019-06-13", "lec_subject": 1, "lec_taken_by": 1, "lec_time": 6, "lec_in": 3}}, {"model": "faculty.makeuplecture", "pk": 4, "fields": {"year": 1, "division": 1, "lec_date": "2019-12-06", "lec_subject": 1, "lec_taken_by": 5, "lec_time": 2, "lec_in": 2}}, {"model": "faculty.makeuplecture", "pk": 5, "fields": {"year": 1, "division": 1, "lec_date": "2019-12-06", "lec_subject": 1, "lec_taken_by": 5, "lec_time": 7, "lec_in": 2}}, {"model": "faculty.makeuplecture", "pk": 6, "fields": {"year": 2, "division": 1, "lec_date": "2019-06-13", "lec_subject": 2, "lec_taken_by": 3, "lec_time": 1, "lec_in": 2}}, {"model": "faculty.od", "pk": 13, "fields": {"od_type": "STTP", "od_title": "Reflecto", "od_details": "Poly VV", "supporting_organisation": "IEEE", "from_date": "2019-06-24", "to_date": "2019-06-29", "last_date": "2019-06-23", "fees": 600, "scope": "Learn AI", "correspondence": "od/correspondence/AOA_TUT1_1824022.pdf", "taken_by": 2, "approved_status": true}}, {"model": "faculty.od", "pk": 14, "fields": {"od_type": "STTP", "od_title": "Reflecto", "od_details": "Poly VV", "supporting_organisation": "IEEE", "from_date": "2019-06-24", "to_date": "2019-06-29", "last_date": "2019-06-23", "fees": 600, "scope": "Learn AI", "correspondence": "od/correspondence/AOA_TUT1_1824022_AeP9DW2.pdf", "taken_by": 2, "approved_status": false}}, {"model": "faculty.od", "pk": 15, "fields": {"od_type": "STTP", "od_title": "Reflecto", "od_details": "Poly VV", "supporting_organisation": "IEEE", "from_date": "2019-06-24", "to_date": "2019-06-29", "last_date": "2019-06-23", "fees": 600, "scope": "Learn AI", "correspondence": "od/correspondence/AOA_TUT1_1824022_3KMIF9r.pdf", "taken_by": 2, "approved_status": false}}, {"model": "faculty.od", "pk": 16, "fields": {"od_type": "STTP", "od_title": "Reflecto", "od_details": "Poly VV", "supporting_organisation": "IEEE", "from_date": "2019-06-24", "to_date": "2019-06-29", "last_date": "2019-06-23", "fees": 600, "scope": "Learn AI", "correspondence": "od/correspondence/AOA_TUT1_1824022_GpAcNnK.pdf", "taken_by": 2, "approved_status": false}}, {"model": "faculty.od", "pk": 17, "fields": {"od_type": "STTP", "od_title": "Reflecto", "od_details": "Poly VV", "supporting_organisation": "IEEE", "from_date": "2019-06-24", "to_date": "2019-06-29", "last_date": "2019-06-23", "fees": 600, "scope": "Learn AI", "correspondence": "od/correspondence/AOA_TUT1_1824022_tXyFeAB.pdf", "taken_by": 2, "approved_status": false}}, {"model": "faculty.od", "pk": 18, "fields": {"od_type": "STTP", "od_title": "Reflecto", "od_details": "Poly VV", "supporting_organisation": "IEEE", "from_date": "2019-06-24", "to_date": "2019-06-29", "last_date": "2019-06-23", "fees": 600, "scope": "Learn AI", "correspondence": "od/correspondence/AOA_TUT1_1824022_qSSFa16.pdf", "taken_by": 2, "approved_status": false}}, {"model": "faculty.od", "pk": 19, "fields": {"od_type": "STTP", "od_title": "Reflecto", "od_details": "Poly VV", "supporting_organisation": "IEEE", "from_date": "2019-06-24", "to_date": "2019-06-29", "last_date": "2019-06-23", "fees": 600, "scope": "Learn AI", "correspondence": "od/correspondence/AOA_TUT1_1824022_TsHqcbn.pdf", "taken_by": 2, "approved_status": false}}, {"model": "faculty.od", "pk": 20, "fields": {"od_type": "STTP", "od_title": "Reflecto", "od_details": "Poly VV", "supporting_organisation": "IEEE", "from_date": "2019-06-24", "to_date": "2019-06-29", "last_date": "2019-06-23", "fees": 600, "scope": "Learn AI", "correspondence": "od/correspondence/AOA_TUT1_1824022_1Cfg9iV.pdf", "taken_by": 2, "approved_status": false}}, {"model": "faculty.od", "pk": 21, "fields": {"od_type": "STTP", "od_title": "Reflecto", "od_details": "Poly VV", "supporting_organisation": "IEEE", "from_date": "2019-06-24", "to_date": "2019-06-29", "last_date": "2019-06-23", "fees": 600, "scope": "Learn AI", "correspondence": "od/correspondence/AOA_TUT1_1824022_jDiaP4F.pdf", "taken_by": 2, "approved_status": false}}, {"model": "faculty.od", "pk": 22, "fields": {"od_type": "STTP", "od_title": "Reflecto", "od_details": "Poly VV", "supporting_organisation": "IEEE", "from_date": "2019-06-24", "to_date": "2019-06-29", "last_date": "2019-06-23", "fees": 600, "scope": "Learn AI", "correspondence": "od/correspondence/AOA_TUT1_1824022_bYmMd0M.pdf", "taken_by": 2, "approved_status": false}}, {"model": "faculty.od", "pk": 23, "fields": {"od_type": "STTP", "od_title": "Reflecto", "od_details": "Poly VV", "supporting_organisation": "IEEE", "from_date": "2019-06-24", "to_date": "2019-06-29", "last_date": "2019-06-23", "fees": 600, "scope": "Learn AI", "correspondence": "od/correspondence/AOA_TUT1_1824022_Qdwsq1i.pdf", "taken_by": 2, "approved_status": false}}, {"model": "faculty.od", "pk": 24, "fields": {"od_type": "STTP", "od_title": "Reflecto", "od_details": "Poly VV", "supporting_organisation": "IEEE", "from_date": "2019-06-24", "to_date": "2019-06-29", "last_date": "2019-06-23", "fees": 600, "scope": "Learn AI", "correspondence": "od/correspondence/AOA_TUT1_1824022_N0tOBfn.pdf", "taken_by": 2, "approved_status": false}}, {"model": "faculty.od", "pk": 25, "fields": {"od_type": "STTP", "od_title": "Reflecto", "od_details": "Poly VV", "supporting_organisation": "IEEE", "from_date": "2019-06-24", "to_date": "2019-06-29", "last_date": "2019-06-23", "fees": 600, "scope": "Learn AI", "correspondence": "od/correspondence/AOA_TUT1_1824022_fbNSO2Q.pdf", "taken_by": 2, "approved_status": false}}, {"model": "faculty.od", "pk": 26, "fields": {"od_type": "STTP", "od_title": "Reflecto", "od_details": "Poly VV", "supporting_organisation": "IEEE", "from_date": "2019-06-24", "to_date": "2019-06-29", "last_date": "2019-06-23", "fees": 600, "scope": "Learn AI", "correspondence": "od/correspondence/AOA_TUT1_1824022_P26FscU.pdf", "taken_by": 2, "approved_status": false}}, {"model": "faculty.od", "pk": 27, "fields": {"od_type": "STTP", "od_title": "Reflecto", "od_details": "Poly VV", "supporting_organisation": "IEEE", "from_date": "2019-06-24", "to_date": "2019-06-29", "last_date": "2019-06-23", "fees": 600, "scope": "Learn AI", "correspondence": "od/correspondence/AOA_TUT1_1824022_kClUKNT.pdf", "taken_by": 2, "approved_status": false}}, {"model": "faculty.od", "pk": 28, "fields": {"od_type": "STTP", "od_title": "Reflecto", "od_details": "Poly VV", "supporting_organisation": "IEEE", "from_date": "2019-06-24", "to_date": "2019-06-29", "last_date": "2019-06-23", "fees": 600, "scope": "Learn AI", "correspondence": "od/correspondence/AOA_TUT1_1824022_nNnjd3p.pdf", "taken_by": 2, "approved_status": false}}, {"model": "faculty.od", "pk": 29, "fields": {"od_type": "STTP", "od_title": "Reflecto", "od_details": "Poly VV", "supporting_organisation": "IEEE", "from_date": "2019-06-24", "to_date": "2019-06-29", "last_date": "2019-06-23", "fees": 600, "scope": "Learn AI", "correspondence": "od/correspondence/AOA_TUT1_1824022_Poa3lvr.pdf", "taken_by": 2, "approved_status": false}}, {"model": "faculty.od", "pk": 30, "fields": {"od_type": "STTP", "od_title": "Reflecto", "od_details": "Poly VV", "supporting_organisation": "IEEE", "from_date": "2019-06-24", "to_date": "2019-06-29", "last_date": "2019-06-23", "fees": 600, "scope": "Learn AI", "correspondence": "od/correspondence/AOA_TUT1_1824022_YBqAqxQ.pdf", "taken_by": 2, "approved_status": false}}, {"model": "faculty.od", "pk": 31, "fields": {"od_type": "STTP", "od_title": "Reflecto", "od_details": "Poly VV", "supporting_organisation": "IEEE", "from_date": "2019-06-24", "to_date": "2019-06-29", "last_date": "2019-06-23", "fees": 600, "scope": "Learn AI", "correspondence": "od/correspondence/AOA_TUT1_1824022_WCUfofz.pdf", "taken_by": 2, "approved_status": false}}, {"model": "faculty.od", "pk": 32, "fields": {"od_type": "STTP", "od_title": "Reflecto", "od_details": "Poly VV", "supporting_organisation": "IEEE", "from_date": "2019-06-24", "to_date": "2019-06-29", "last_date": "2019-06-23", "fees": 600, "scope": "Learn AI", "correspondence": "od/correspondence/AOA_TUT1_1824022_llg1WQo.pdf", "taken_by": 2, "approved_status": false}}, {"model": "faculty.od", "pk": 33, "fields": {"od_type": "STTP", "od_title": "Reflecto", "od_details": "Poly VV", "supporting_organisation": "IEEE", "from_date": "2019-06-24", "to_date": "2019-06-29", "last_date": "2019-06-23", "fees": 600, "scope": "Learn AI", "correspondence": "od/correspondence/AOA_TUT1_1824022_Cj2XLDA.pdf", "taken_by": 2, "approved_status": false}}, {"model": "faculty.od", "pk": 34, "fields": {"od_type": "STTP", "od_title": "Reflecto", "od_details": "Poly VV", "supporting_organisation": "IEEE", "from_date": "2019-06-24", "to_date": "2019-06-29", "last_date": "2019-06-23", "fees": 600, "scope": "Learn AI", "correspondence": "od/correspondence/AOA_TUT1_1824022_Q2jPPF5.pdf", "taken_by": 2, "approved_status": false}}, {"model": "faculty.od", "pk": 35, "fields": {"od_type": "STTP", "od_title": "Reflecto", "od_details": "Poly VV", "supporting_organisation": "IEEE", "from_date": "2019-06-24", "to_date": "2019-06-29", "last_date": "2019-06-23", "fees": 600, "scope": "Learn AI", "correspondence": "od/correspondence/AOA_TUT1_1824022_1RZ9FFa.pdf", "taken_by": 2, "approved_status": false}}, {"model": "faculty.od", "pk": 36, "fields": {"od_type": "STTP", "od_title": "Reflecto", "od_details": "Poly VV", "supporting_organisation": "IEEE", "from_date": "2019-06-24", "to_date": "2019-06-29", "last_date": "2019-06-23", "fees": 600, "scope": "Learn AI", "correspondence": "od/correspondence/AOA_TUT1_1824022_FnSlWS3.pdf", "taken_by": 2, "approved_status": false}}, {"model": "faculty.od", "pk": 37, "fields": {"od_type": "STTP", "od_title": "Reflecto", "od_details": "Poly VV", "supporting_organisation": "IEEE", "from_date": "2019-07-01", "to_date": "2019-07-04", "last_date": "2019-06-29", "fees": 550, "scope": "Learn something obvs", "correspondence": "od/correspondence/del-bom-3-feb.pdf", "taken_by": 2, "approved_status": false}}, {"model": "faculty.od", "pk": 38, "fields": {"od_type": "STTP", "od_title": "Reflecto", "od_details": "Poly VV", "supporting_organisation": "IEEE", "from_date": "2019-07-01", "to_date": "2019-07-04", "last_date": "2019-06-29", "fees": 550, "scope": "Learn ML", "correspondence": "od/correspondence/del-bom-3-feb_xuyjRDS.pdf", "taken_by": 2, "approved_status": false}}, {"model": "faculty.od", "pk": 39, "fields": {"od_type": "STTP", "od_title": "Reflecto", "od_details": "Poly VV", "supporting_organisation": "IEEE", "from_date": "2019-07-01", "to_date": "2019-07-04", "last_date": "2019-06-29", "fees": 550, "scope": "Learn ML", "correspondence": "od/correspondence/del-bom-3-feb_YGCHTAg.pdf", "taken_by": 2, "approved_status": false}}, {"model": "faculty.od", "pk": 40, "fields": {"od_type": "STTP", "od_title": "Reflecto", "od_details": "Poly VV", "supporting_organisation": "IEEE", "from_date": "2019-07-08", "to_date": "2019-07-08", "last_date": "2019-07-05", "fees": 600, "scope": "Learn ML", "correspondence": "od/correspondence/Standard_Chartered_Bank_CardNet.pdf", "taken_by": 2, "approved_status": false}}, {"model": "faculty.od", "pk": 41, "fields": {"od_type": "STTP", "od_title": "Reflecto", "od_details": "Poly Vv", "supporting_organisation": "IEEE", "from_date": "2019-07-08", "to_date": "2019-07-08", "last_date": "2019-07-05", "fees": 600, "scope": "Learn something ", "correspondence": "od/correspondence/EBD08AC0-8688-482B-9910-0562EE5E5C86_GoWBmNY.jpeg", "taken_by": 3, "approved_status": false}}, {"model": "faculty.od", "pk": 42, "fields": {"od_type": "Workshop", "od_title": "Reflecto", "od_details": "Poly VV", "supporting_organisation": "IEEE", "from_date": "2019-07-08", "to_date": "2019-07-12", "last_date": "2019-07-05", "fees": 600, "scope": "Learn UI", "correspondence": "od/correspondence/Standard_Chartered_Bank_CardNet_rx8bS6m.pdf", "taken_by": 2, "approved_status": false}}, {"model": "faculty.od", "pk": 43, "fields": {"od_type": "Seminar", "od_title": "sgsgrgw", "od_details": "rgerger regregerg", "supporting_organisation": "errhethe", "from_date": "2019-07-11", "to_date": "2019-07-12", "last_date": "2019-07-10", "fees": 433, "scope": "fdbtb trthrshtstr", "correspondence": "od/correspondence/test.csv", "taken_by": 2, "approved_status": false}}, {"model": "faculty.od", "pk": 44, "fields": {"od_type": "Seminar", "od_title": "sgsgrgw", "od_details": "rgerger regregerg", "supporting_organisation": "errhethe", "from_date": "2019-07-11", "to_date": "2019-07-12", "last_date": "2019-07-10", "fees": 433, "scope": "fdbtb trthrshtstr", "correspondence": "od/correspondence/test_TnD15q5.csv", "taken_by": 2, "approved_status": false}}, {"model": "faculty.od", "pk": 45, "fields": {"od_type": "Seminar", "od_title": "sgsgrgw", "od_details": "rgerger regregerg", "supporting_organisation": "errhethe", "from_date": "2019-07-11", "to_date": "2019-07-12", "last_date": "2019-07-10", "fees": 433, "scope": "fdbtb trthrshtstr", "correspondence": "od/correspondence/test_EUjUQxy.csv", "taken_by": 2, "approved_status": false}}, {"model": "faculty.od", "pk": 46, "fields": {"od_type": "Seminar", "od_title": "sgsgrgw", "od_details": "rgerger regregerg", "supporting_organisation": "errhethe", "from_date": "2019-07-11", "to_date": "2019-07-12", "last_date": "2019-07-10", "fees": 433, "scope": "fdbtb trthrshtstr", "correspondence": "od/correspondence/test_S8fXqHm.csv", "taken_by": 2, "approved_status": false}}, {"model": "faculty.od", "pk": 47, "fields": {"od_type": "Seminar", "od_title": "sgsgrgw", "od_details": "rgerger regregerg", "supporting_organisation": "errhethe", "from_date": "2019-07-11", "to_date": "2019-07-12", "last_date": "2019-07-10", "fees": 433, "scope": "fdbtb trthrshtstr", "correspondence": "od/correspondence/test_fYPYcGQ.csv", "taken_by": 2, "approved_status": false}}, {"model": "faculty.od", "pk": 48, "fields": {"od_type": "Seminar", "od_title": "sgsgrgw", "od_details": "rgerger regregerg", "supporting_organisation": "errhethe", "from_date": "2019-07-11", "to_date": "2019-07-12", "last_date": "2019-07-10", "fees": 433, "scope": "fdbtb trthrshtstr", "correspondence": "od/correspondence/test_n785yDU.csv", "taken_by": 2, "approved_status": false}}, {"model": "faculty.od", "pk": 49, "fields": {"od_type": "Seminar", "od_title": "sgsgrgw", "od_details": "rgerger regregerg", "supporting_organisation": "errhethe", "from_date": "2019-07-11", "to_date": "2019-07-12", "last_date": "2019-07-10", "fees": 433, "scope": "fdbtb trthrshtstr", "correspondence": "od/correspondence/test.csv", "taken_by": 2, "approved_status": false}}, {"model": "faculty.loadshift", "pk": 1, "fields": {"leave": null, "to_faculty": 5, "for_lecture": 2, "od": 39, "approved_status": false}}, {"model": "faculty.loadshift", "pk": 2, "fields": {"leave": null, "to_faculty": 4, "for_lecture": 27, "od": 39, "approved_status": false}}, {"model": "faculty.loadshift", "pk": 3, "fields": {"leave": 64, "to_faculty": 4, "for_lecture": 2, "od": null, "approved_status": false}}, {"model": "faculty.loadshift", "pk": 4, "fields": {"leave": 64, "to_faculty": 3, "for_lecture": 14, "od": null, "approved_status": false}}, {"model": "faculty.loadshift", "pk": 5, "fields": {"leave": 64, "to_faculty": 5, "for_lecture": 27, "od": null, "approved_status": false}}, {"model": "faculty.loadshift", "pk": 6, "fields": {"leave": 65, "to_faculty": 5, "for_lecture": 2, "od": null, "approved_status": false}}, {"model": "faculty.loadshift", "pk": 7, "fields": {"leave": 65, "to_faculty": 1, "for_lecture": 14, "od": null, "approved_status": true}}, {"model": "faculty.loadshift", "pk": 9, "fields": {"leave": null, "to_faculty": 5, "for_lecture": 2, "od": 42, "approved_status": false}}, {"model": "faculty.loadshift", "pk": 10, "fields": {"leave": null, "to_faculty": 3, "for_lecture": 14, "od": 42, "approved_status": false}}, {"model": "faculty.loadshift", "pk": 11, "fields": {"leave": null, "to_faculty": 3, "for_lecture": 27, "od": 42, "approved_status": false}}, {"model": "admin.logentry", "pk": 1, "fields": {"action_time": "2019-04-04T07:57:43.124Z", "user": 1, "content_type": 8, "object_id": "1", "object_repr": "Test", "action_flag": 1, "change_message": "[{\"added\": {}}]"}}, {"model": "admin.logentry", "pk": 2, "fields": {"action_time": "2019-04-04T07:57:58.791Z", "user": 1, "content_type": 10, "object_id": "1", "object_repr": "M4", "action_flag": 1, "change_message": "[{\"added\": {}}]"}}, {"model": "admin.logentry", "pk": 3, "fields": {"action_time": "2019-04-04T07:58:12.577Z", "user": 1, "content_type": 10, "object_id": "2", "object_repr": "COA", "action_flag": 1, "change_message": "[{\"added\": {}}]"}}, {"model": "admin.logentry", "pk": 4, "fields": {"action_time": "2019-04-04T07:58:37.114Z", "user": 1, "content_type": 2, "object_id": "2", "object_repr": "teacher1", "action_flag": 1, "change_message": "[{\"added\": {}}]"}}, {"model": "admin.logentry", "pk": 5, "fields": {"action_time": "2019-04-04T07:58:51.739Z", "user": 1, "content_type": 2, "object_id": "2", "object_repr": "teacher1", "action_flag": 2, "change_message": "[]"}}, {"model": "admin.logentry", "pk": 6, "fields": {"action_time": "2019-04-04T07:59:51.873Z", "user": 1, "content_type": 2, "object_id": "3", "object_repr": "teacher2", "action_flag": 1, "change_message": "[{\"added\": {}}]"}}, {"model": "admin.logentry", "pk": 7, "fields": {"action_time": "2019-04-04T08:00:02.081Z", "user": 1, "content_type": 2, "object_id": "3", "object_repr": "teacher2", "action_flag": 2, "change_message": "[]"}}, {"model": "admin.logentry", "pk": 8, "fields": {"action_time": "2019-04-04T08:00:12.234Z", "user": 1, "content_type": 2, "object_id": "4", "object_repr": "teacher3", "action_flag": 1, "change_message": "[{\"added\": {}}]"}}, {"model": "admin.logentry", "pk": 9, "fields": {"action_time": "2019-04-04T08:00:17.978Z", "user": 1, "content_type": 2, "object_id": "4", "object_repr": "teacher3", "action_flag": 2, "change_message": "[]"}}, {"model": "admin.logentry", "pk": 10, "fields": {"action_time": "2019-04-04T08:01:29.050Z", "user": 1, "content_type": 10, "object_id": "3", "object_repr": "AOA", "action_flag": 1, "change_message": "[{\"added\": {}}]"}}, {"model": "admin.logentry", "pk": 11, "fields": {"action_time": "2019-04-04T08:01:50.200Z", "user": 1, "content_type": 10, "object_id": "4", "object_repr": "DCN", "action_flag": 1, "change_message": "[{\"added\": {}}]"}}, {"model": "admin.logentry", "pk": 12, "fields": {"action_time": "2019-04-04T08:02:04.692Z", "user": 1, "content_type": 10, "object_id": "5", "object_repr": "WP", "action_flag": 1, "change_message": "[{\"added\": {}}]"}}, {"model": "admin.logentry", "pk": 13, "fields": {"action_time": "2019-04-04T08:04:08.657Z", "user": 1, "content_type": 9, "object_id": "1", "object_repr": "Monday", "action_flag": 1, "change_message": "[{\"added\": {}}]"}}, {"model": "admin.logentry", "pk": 14, "fields": {"action_time": "2019-04-04T08:04:12.072Z", "user": 1, "content_type": 9, "object_id": "2", "object_repr": "Tuesday", "action_flag": 1, "change_message": "[{\"added\": {}}]"}}, {"model": "admin.logentry", "pk": 15, "fields": {"action_time": "2019-04-04T08:04:19.154Z", "user": 1, "content_type": 9, "object_id": "3", "object_repr": "Wednesday", "action_flag": 1, "change_message": "[{\"added\": {}}]"}}, {"model": "admin.logentry", "pk": 16, "fields": {"action_time": "2019-04-04T08:04:24.230Z", "user": 1, "content_type": 9, "object_id": "4", "object_repr": "Thursday", "action_flag": 1, "change_message": "[{\"added\": {}}]"}}, {"model": "admin.logentry", "pk": 17, "fields": {"action_time": "2019-04-04T08:04:29.054Z", "user": 1, "content_type": 9, "object_id": "5", "object_repr": "Friday", "action_flag": 1, "change_message": "[{\"added\": {}}]"}}, {"model": "admin.logentry", "pk": 18, "fields": {"action_time": "2019-04-04T08:04:34.487Z", "user": 1, "content_type": 9, "object_id": "6", "object_repr": "Saturday", "action_flag": 1, "change_message": "[{\"added\": {}}]"}}, {"model": "admin.logentry", "pk": 19, "fields": {"action_time": "2019-04-04T08:04:49.596Z", "user": 1, "content_type": 9, "object_id": "7", "object_repr": "Sunday", "action_flag": 1, "change_message": "[{\"added\": {}}]"}}, {"model": "admin.logentry", "pk": 20, "fields": {"action_time": "2019-04-04T08:07:25.421Z", "user": 1, "content_type": 7, "object_id": "1", "object_repr": "10:30 - 11:30", "action_flag": 1, "change_message": "[{\"added\": {}}]"}}, {"model": "admin.logentry", "pk": 21, "fields": {"action_time": "2019-04-04T08:07:39.836Z", "user": 1, "content_type": 7, "object_id": "2", "object_repr": "10:30 - 12:30", "action_flag": 1, "change_message": "[{\"added\": {}}]"}}, {"model": "admin.logentry", "pk": 22, "fields": {"action_time": "2019-04-04T08:07:56.758Z", "user": 1, "content_type": 7, "object_id": "3", "object_repr": "11:30 - 12:30", "action_flag": 1, "change_message": "[{\"added\": {}}]"}}, {"model": "admin.logentry", "pk": 23, "fields": {"action_time": "2019-04-04T08:08:20.063Z", "user": 1, "content_type": 11, "object_id": "1", "object_repr": "M4", "action_flag": 1, "change_message": "[{\"added\": {}}]"}}, {"model": "admin.logentry", "pk": 24, "fields": {"action_time": "2019-04-04T08:08:35.843Z", "user": 1, "content_type": 11, "object_id": "2", "object_repr": "COA", "action_flag": 1, "change_message": "[{\"added\": {}}]"}}, {"model": "admin.logentry", "pk": 25, "fields": {"action_time": "2019-04-04T08:08:59.670Z", "user": 1, "content_type": 11, "object_id": "3", "object_repr": "AOA", "action_flag": 1, "change_message": "[{\"added\": {}}]"}}, {"model": "admin.logentry", "pk": 26, "fields": {"action_time": "2019-04-04T08:09:15.482Z", "user": 1, "content_type": 11, "object_id": "4", "object_repr": "WP", "action_flag": 1, "change_message": "[{\"added\": {}}]"}}, {"model": "admin.logentry", "pk": 27, "fields": {"action_time": "2019-04-04T08:23:34.092Z", "user": 1, "content_type": 12, "object_id": "1", "object_repr": "admin--teacher2", "action_flag": 1, "change_message": "[{\"added\": {}}]"}}, {"model": "admin.logentry", "pk": 28, "fields": {"action_time": "2019-04-04T08:50:22.455Z", "user": 1, "content_type": 11, "object_id": "5", "object_repr": "AOA", "action_flag": 1, "change_message": "[{\"added\": {}}]"}}, {"model": "admin.logentry", "pk": 29, "fields": {"action_time": "2019-04-04T09:45:24.477Z", "user": 1, "content_type": 11, "object_id": "6", "object_repr": "DCN", "action_flag": 1, "change_message": "[{\"added\": {}}]"}}, {"model": "admin.logentry", "pk": 30, "fields": {"action_time": "2019-04-04T09:58:44.749Z", "user": 1, "content_type": 2, "object_id": "5", "object_repr": "teacher4", "action_flag": 1, "change_message": "[{\"added\": {}}]"}}, {"model": "admin.logentry", "pk": 31, "fields": {"action_time": "2019-04-04T12:35:26.931Z", "user": 1, "content_type": 8, "object_id": "1", "object_repr": "admin@04/04/2019--00:00", "action_flag": 3, "change_message": ""}}, {"model": "admin.logentry", "pk": 32, "fields": {"action_time": "2019-04-04T12:42:58.399Z", "user": 1, "content_type": 8, "object_id": "2", "object_repr": "admin@01/04/2019--09:00", "action_flag": 3, "change_message": ""}}, {"model": "admin.logentry", "pk": 33, "fields": {"action_time": "2019-04-04T13:29:41.693Z", "user": 1, "content_type": 8, "object_id": "3", "object_repr": "admin@01/04/2019--09:00", "action_flag": 3, "change_message": ""}}, {"model": "admin.logentry", "pk": 34, "fields": {"action_time": "2019-04-04T13:30:08.129Z", "user": 1, "content_type": 8, "object_id": "31", "object_repr": "admin@01/04/2019--09:00", "action_flag": 3, "change_message": ""}}, {"model": "admin.logentry", "pk": 35, "fields": {"action_time": "2019-04-04T13:30:08.227Z", "user": 1, "content_type": 8, "object_id": "30", "object_repr": "admin@01/04/2019--09:00", "action_flag": 3, "change_message": ""}}, {"model": "admin.logentry", "pk": 36, "fields": {"action_time": "2019-04-04T13:30:08.350Z", "user": 1, "content_type": 8, "object_id": "29", "object_repr": "admin@01/04/2019--09:00", "action_flag": 3, "change_message": ""}}, {"model": "admin.logentry", "pk": 37, "fields": {"action_time": "2019-04-04T13:30:08.472Z", "user": 1, "content_type": 8, "object_id": "28", "object_repr": "admin@01/04/2019--09:00", "action_flag": 3, "change_message": ""}}, {"model": "admin.logentry", "pk": 38, "fields": {"action_time": "2019-04-04T13:30:08.594Z", "user": 1, "content_type": 8, "object_id": "27", "object_repr": "admin@01/04/2019--09:00", "action_flag": 3, "change_message": ""}}, {"model": "admin.logentry", "pk": 39, "fields": {"action_time": "2019-04-04T13:30:08.683Z", "user": 1, "content_type": 8, "object_id": "26", "object_repr": "admin@01/04/2019--09:00", "action_flag": 3, "change_message": ""}}, {"model": "admin.logentry", "pk": 40, "fields": {"action_time": "2019-04-04T13:30:08.772Z", "user": 1, "content_type": 8, "object_id": "25", "object_repr": "admin@01/04/2019--09:00", "action_flag": 3, "change_message": ""}}, {"model": "admin.logentry", "pk": 41, "fields": {"action_time": "2019-04-04T13:30:08.861Z", "user": 1, "content_type": 8, "object_id": "24", "object_repr": "admin@01/04/2019--09:00", "action_flag": 3, "change_message": ""}}, {"model": "admin.logentry", "pk": 42, "fields": {"action_time": "2019-04-04T13:30:09.072Z", "user": 1, "content_type": 8, "object_id": "23", "object_repr": "admin@01/04/2019--09:00", "action_flag": 3, "change_message": ""}}, {"model": "admin.logentry", "pk": 43, "fields": {"action_time": "2019-04-04T13:30:09.161Z", "user": 1, "content_type": 8, "object_id": "22", "object_repr": "admin@01/04/2019--09:00", "action_flag": 3, "change_message": ""}}, {"model": "admin.logentry", "pk": 44, "fields": {"action_time": "2019-04-04T13:30:09.250Z", "user": 1, "content_type": 8, "object_id": "21", "object_repr": "admin@01/04/2019--09:00", "action_flag": 3, "change_message": ""}}, {"model": "admin.logentry", "pk": 45, "fields": {"action_time": "2019-04-04T13:30:09.372Z", "user": 1, "content_type": 8, "object_id": "20", "object_repr": "admin@01/04/2019--09:00", "action_flag": 3, "change_message": ""}}, {"model": "admin.logentry", "pk": 46, "fields": {"action_time": "2019-04-04T13:30:09.495Z", "user": 1, "content_type": 8, "object_id": "19", "object_repr": "admin@01/04/2019--09:00", "action_flag": 3, "change_message": ""}}, {"model": "admin.logentry", "pk": 47, "fields": {"action_time": "2019-04-04T13:30:09.617Z", "user": 1, "content_type": 8, "object_id": "18", "object_repr": "admin@01/04/2019--09:00", "action_flag": 3, "change_message": ""}}, {"model": "admin.logentry", "pk": 48, "fields": {"action_time": "2019-04-04T13:30:09.750Z", "user": 1, "content_type": 8, "object_id": "17", "object_repr": "admin@01/04/2019--09:00", "action_flag": 3, "change_message": ""}}, {"model": "admin.logentry", "pk": 49, "fields": {"action_time": "2019-04-04T13:30:09.896Z", "user": 1, "content_type": 8, "object_id": "16", "object_repr": "admin@01/04/2019--09:00", "action_flag": 3, "change_message": ""}}, {"model": "admin.logentry", "pk": 50, "fields": {"action_time": "2019-04-04T13:30:10.005Z", "user": 1, "content_type": 8, "object_id": "15", "object_repr": "admin@01/04/2019--09:00", "action_flag": 3, "change_message": ""}}, {"model": "admin.logentry", "pk": 51, "fields": {"action_time": "2019-04-04T13:30:10.094Z", "user": 1, "content_type": 8, "object_id": "14", "object_repr": "admin@01/04/2019--09:00", "action_flag": 3, "change_message": ""}}, {"model": "admin.logentry", "pk": 52, "fields": {"action_time": "2019-04-04T13:30:10.183Z", "user": 1, "content_type": 8, "object_id": "13", "object_repr": "admin@01/04/2019--09:00", "action_flag": 3, "change_message": ""}}, {"model": "admin.logentry", "pk": 53, "fields": {"action_time": "2019-04-04T13:30:10.272Z", "user": 1, "content_type": 8, "object_id": "12", "object_repr": "admin@01/04/2019--09:00", "action_flag": 3, "change_message": ""}}, {"model": "admin.logentry", "pk": 54, "fields": {"action_time": "2019-04-04T13:30:10.384Z", "user": 1, "content_type": 8, "object_id": "11", "object_repr": "admin@01/04/2019--09:00", "action_flag": 3, "change_message": ""}}, {"model": "admin.logentry", "pk": 55, "fields": {"action_time": "2019-04-04T13:30:10.472Z", "user": 1, "content_type": 8, "object_id": "10", "object_repr": "admin@01/04/2019--09:00", "action_flag": 3, "change_message": ""}}, {"model": "admin.logentry", "pk": 56, "fields": {"action_time": "2019-04-04T13:30:10.572Z", "user": 1, "content_type": 8, "object_id": "9", "object_repr": "admin@01/04/2019--09:00", "action_flag": 3, "change_message": ""}}, {"model": "admin.logentry", "pk": 57, "fields": {"action_time": "2019-04-04T13:30:10.672Z", "user": 1, "content_type": 8, "object_id": "8", "object_repr": "admin@01/04/2019--09:00", "action_flag": 3, "change_message": ""}}, {"model": "admin.logentry", "pk": 58, "fields": {"action_time": "2019-04-04T13:30:10.806Z", "user": 1, "content_type": 8, "object_id": "7", "object_repr": "admin@01/04/2019--09:00", "action_flag": 3, "change_message": ""}}, {"model": "admin.logentry", "pk": 59, "fields": {"action_time": "2019-04-04T13:30:10.906Z", "user": 1, "content_type": 8, "object_id": "6", "object_repr": "admin@01/04/2019--09:00", "action_flag": 3, "change_message": ""}}, {"model": "admin.logentry", "pk": 60, "fields": {"action_time": "2019-04-04T13:30:11.143Z", "user": 1, "content_type": 8, "object_id": "5", "object_repr": "admin@01/04/2019--09:00", "action_flag": 3, "change_message": ""}}, {"model": "admin.logentry", "pk": 61, "fields": {"action_time": "2019-04-04T13:30:11.250Z", "user": 1, "content_type": 8, "object_id": "4", "object_repr": "admin@01/04/2019--09:00", "action_flag": 3, "change_message": ""}}, {"model": "admin.logentry", "pk": 62, "fields": {"action_time": "2019-04-04T13:38:53.792Z", "user": 1, "content_type": 8, "object_id": "33", "object_repr": "admin@01/04/2019--08:00", "action_flag": 3, "change_message": ""}}, {"model": "admin.logentry", "pk": 63, "fields": {"action_time": "2019-04-04T13:38:54.321Z", "user": 1, "content_type": 8, "object_id": "32", "object_repr": "admin@01/04/2019--08:00", "action_flag": 3, "change_message": ""}}, {"model": "admin.logentry", "pk": 64, "fields": {"action_time": "2019-04-04T14:04:34.801Z", "user": 1, "content_type": 2, "object_id": "5", "object_repr": "teacher4", "action_flag": 2, "change_message": "[{\"changed\": {\"fields\": [\"is_staff\"]}}]"}}, {"model": "admin.logentry", "pk": 65, "fields": {"action_time": "2019-04-05T07:58:56.693Z", "user": 1, "content_type": 8, "object_id": "35", "object_repr": "admin@07/04/2019--09:01", "action_flag": 3, "change_message": ""}}, {"model": "admin.logentry", "pk": 66, "fields": {"action_time": "2019-04-05T07:58:56.795Z", "user": 1, "content_type": 8, "object_id": "34", "object_repr": "admin@01/04/2019--07:00", "action_flag": 3, "change_message": ""}}, {"model": "admin.logentry", "pk": 67, "fields": {"action_time": "2019-04-05T08:16:38.275Z", "user": 1, "content_type": 12, "object_id": "5", "object_repr": "admin--teacher4", "action_flag": 3, "change_message": ""}}, {"model": "admin.logentry", "pk": 68, "fields": {"action_time": "2019-04-05T08:16:38.376Z", "user": 1, "content_type": 12, "object_id": "4", "object_repr": "admin--teacher3", "action_flag": 3, "change_message": ""}}, {"model": "admin.logentry", "pk": 69, "fields": {"action_time": "2019-04-05T08:16:51.110Z", "user": 1, "content_type": 8, "object_id": "37", "object_repr": "admin@01/04/2019--09:00", "action_flag": 3, "change_message": ""}}, {"model": "admin.logentry", "pk": 70, "fields": {"action_time": "2019-04-05T08:16:51.207Z", "user": 1, "content_type": 8, "object_id": "36", "object_repr": "admin@07/04/2019--09:01", "action_flag": 3, "change_message": ""}}, {"model": "admin.logentry", "pk": 71, "fields": {"action_time": "2019-04-05T08:28:49.778Z", "user": 1, "content_type": 8, "object_id": "38", "object_repr": "admin@01/04/2019--09:00", "action_flag": 2, "change_message": "[{\"changed\": {\"fields\": [\"leave_note\", \"approved_status\"]}}]"}}, {"model": "admin.logentry", "pk": 72, "fields": {"action_time": "2019-04-05T08:29:24.958Z", "user": 1, "content_type": 8, "object_id": "38", "object_repr": "admin@01/04/2019--09:00", "action_flag": 3, "change_message": ""}}, {"model": "admin.logentry", "pk": 73, "fields": {"action_time": "2019-04-07T07:36:56.521Z", "user": 1, "content_type": 8, "object_id": "39", "object_repr": "admin@01/04/2019--09:00", "action_flag": 3, "change_message": ""}}, {"model": "admin.logentry", "pk": 74, "fields": {"action_time": "2019-04-07T09:06:11.782Z", "user": 1, "content_type": 8, "object_id": "40", "object_repr": "admin@01/04/2019--09:00", "action_flag": 3, "change_message": ""}}, {"model": "admin.logentry", "pk": 75, "fields": {"action_time": "2019-04-07T15:22:50.966Z", "user": 1, "content_type": 8, "object_id": "43", "object_repr": "teacher1@01/04/2019--09:00", "action_flag": 3, "change_message": ""}}, {"model": "admin.logentry", "pk": 76, "fields": {"action_time": "2019-04-08T06:16:15.808Z", "user": 1, "content_type": 8, "object_id": "44", "object_repr": "teacher1@01/04/2019--09:00", "action_flag": 3, "change_message": ""}}, {"model": "admin.logentry", "pk": 77, "fields": {"action_time": "2019-04-08T06:48:50.206Z", "user": 1, "content_type": 8, "object_id": "47", "object_repr": "teacher2@14/04/2019--07:00", "action_flag": 3, "change_message": ""}}, {"model": "admin.logentry", "pk": 78, "fields": {"action_time": "2019-04-08T06:48:50.303Z", "user": 1, "content_type": 8, "object_id": "46", "object_repr": "teacher3@07/04/2019--10:30", "action_flag": 3, "change_message": ""}}, {"model": "admin.logentry", "pk": 79, "fields": {"action_time": "2019-04-08T06:48:50.429Z", "user": 1, "content_type": 8, "object_id": "45", "object_repr": "admin@01/04/2019--07:00", "action_flag": 3, "change_message": ""}}, {"model": "admin.logentry", "pk": 80, "fields": {"action_time": "2019-04-08T08:20:17.141Z", "user": 1, "content_type": 8, "object_id": "50", "object_repr": "admin@01/04/2019--09:00", "action_flag": 3, "change_message": ""}}, {"model": "admin.logentry", "pk": 81, "fields": {"action_time": "2019-04-08T08:20:17.237Z", "user": 1, "content_type": 8, "object_id": "49", "object_repr": "teacher1@07/04/2019--09:00", "action_flag": 3, "change_message": ""}}, {"model": "admin.logentry", "pk": 82, "fields": {"action_time": "2019-04-08T08:45:03.600Z", "user": 1, "content_type": 8, "object_id": "60", "object_repr": "teacher1@14/04/2019--09:00", "action_flag": 3, "change_message": ""}}, {"model": "admin.logentry", "pk": 83, "fields": {"action_time": "2019-06-03T05:12:27.966Z", "user": 1, "content_type": 7, "object_id": "4", "object_repr": "10:30 - 01:15", "action_flag": 1, "change_message": "[{\"added\": {}}]"}}, {"model": "admin.logentry", "pk": 84, "fields": {"action_time": "2019-06-03T05:13:01.173Z", "user": 1, "content_type": 7, "object_id": "5", "object_repr": "01:15 - 05:15", "action_flag": 1, "change_message": "[{\"added\": {}}]"}}, {"model": "admin.logentry", "pk": 85, "fields": {"action_time": "2019-06-03T05:13:46.130Z", "user": 1, "content_type": 7, "object_id": "6", "object_repr": "01:15 - 02:15", "action_flag": 1, "change_message": "[{\"added\": {}}]"}}, {"model": "admin.logentry", "pk": 86, "fields": {"action_time": "2019-06-03T05:13:54.114Z", "user": 1, "content_type": 7, "object_id": "7", "object_repr": "02:15 - 03:15", "action_flag": 1, "change_message": "[{\"added\": {}}]"}}, {"model": "admin.logentry", "pk": 87, "fields": {"action_time": "2019-06-03T05:14:03.585Z", "user": 1, "content_type": 7, "object_id": "8", "object_repr": "01:15 - 03:15", "action_flag": 1, "change_message": "[{\"added\": {}}]"}}, {"model": "admin.logentry", "pk": 88, "fields": {"action_time": "2019-06-03T05:14:13.200Z", "user": 1, "content_type": 7, "object_id": "9", "object_repr": "03:15 - 04:15", "action_flag": 1, "change_message": "[{\"added\": {}}]"}}, {"model": "admin.logentry", "pk": 89, "fields": {"action_time": "2019-06-03T05:14:21.529Z", "user": 1, "content_type": 7, "object_id": "10", "object_repr": "04:15 - 05:15", "action_flag": 1, "change_message": "[{\"added\": {}}]"}}, {"model": "admin.logentry", "pk": 90, "fields": {"action_time": "2019-06-03T05:14:36.871Z", "user": 1, "content_type": 7, "object_id": "11", "object_repr": "03:15 - 05:15", "action_flag": 1, "change_message": "[{\"added\": {}}]"}}, {"model": "admin.logentry", "pk": 91, "fields": {"action_time": "2019-06-03T07:17:39.558Z", "user": 1, "content_type": 7, "object_id": "4", "object_repr": "10:30 - 13:15", "action_flag": 2, "change_message": "[{\"changed\": {\"fields\": [\"end_time\"]}}]"}}, {"model": "admin.logentry", "pk": 92, "fields": {"action_time": "2019-06-03T07:18:00.693Z", "user": 1, "content_type": 7, "object_id": "5", "object_repr": "13:15 - 17:15", "action_flag": 2, "change_message": "[{\"changed\": {\"fields\": [\"start_time\", \"end_time\"]}}]"}}, {"model": "admin.logentry", "pk": 93, "fields": {"action_time": "2019-06-03T07:18:14.252Z", "user": 1, "content_type": 7, "object_id": "11", "object_repr": "15:15 - 17:15", "action_flag": 2, "change_message": "[{\"changed\": {\"fields\": [\"start_time\", \"end_time\"]}}]"}}, {"model": "admin.logentry", "pk": 94, "fields": {"action_time": "2019-06-03T07:18:27.741Z", "user": 1, "content_type": 7, "object_id": "10", "object_repr": "16:15 - 17:15", "action_flag": 2, "change_message": "[{\"changed\": {\"fields\": [\"start_time\", \"end_time\"]}}]"}}, {"model": "admin.logentry", "pk": 95, "fields": {"action_time": "2019-06-03T07:18:42.548Z", "user": 1, "content_type": 7, "object_id": "9", "object_repr": "15:15 - 16:15", "action_flag": 2, "change_message": "[{\"changed\": {\"fields\": [\"start_time\", \"end_time\"]}}]"}}, {"model": "admin.logentry", "pk": 96, "fields": {"action_time": "2019-06-03T07:18:54.564Z", "user": 1, "content_type": 7, "object_id": "8", "object_repr": "13:15 - 15:15", "action_flag": 2, "change_message": "[{\"changed\": {\"fields\": [\"start_time\", \"end_time\"]}}]"}}, {"model": "admin.logentry", "pk": 97, "fields": {"action_time": "2019-06-03T07:19:04.516Z", "user": 1, "content_type": 7, "object_id": "7", "object_repr": "14:15 - 15:15", "action_flag": 2, "change_message": "[{\"changed\": {\"fields\": [\"start_time\", \"end_time\"]}}]"}}, {"model": "admin.logentry", "pk": 98, "fields": {"action_time": "2019-06-03T07:19:16.356Z", "user": 1, "content_type": 7, "object_id": "6", "object_repr": "13:15 - 14:15", "action_flag": 2, "change_message": "[{\"changed\": {\"fields\": [\"start_time\", \"end_time\"]}}]"}}, {"model": "admin.logentry", "pk": 99, "fields": {"action_time": "2019-06-03T07:20:57.252Z", "user": 1, "content_type": 7, "object_id": "12", "object_repr": "10:30 - 17:15", "action_flag": 1, "change_message": "[{\"added\": {}}]"}}, {"model": "admin.logentry", "pk": 100, "fields": {"action_time": "2019-06-03T18:42:09.294Z", "user": 1, "content_type": 14, "object_id": "1", "object_repr": "A", "action_flag": 1, "change_message": "[{\"added\": {}}]"}}, {"model": "admin.logentry", "pk": 101, "fields": {"action_time": "2019-06-03T18:42:09.869Z", "user": 1, "content_type": 14, "object_id": "2", "object_repr": "A", "action_flag": 1, "change_message": "[{\"added\": {}}]"}}, {"model": "admin.logentry", "pk": 102, "fields": {"action_time": "2019-06-03T18:42:26.183Z", "user": 1, "content_type": 14, "object_id": "2", "object_repr": "A", "action_flag": 3, "change_message": ""}}, {"model": "admin.logentry", "pk": 103, "fields": {"action_time": "2019-06-03T18:42:41.956Z", "user": 1, "content_type": 14, "object_id": "3", "object_repr": "B", "action_flag": 1, "change_message": "[{\"added\": {}}]"}}, {"model": "admin.logentry", "pk": 104, "fields": {"action_time": "2019-06-03T18:43:13.572Z", "user": 1, "content_type": 13, "object_id": "1", "object_repr": "FY", "action_flag": 1, "change_message": "[{\"added\": {}}]"}}, {"model": "admin.logentry", "pk": 105, "fields": {"action_time": "2019-06-03T18:43:27.859Z", "user": 1, "content_type": 13, "object_id": "2", "object_repr": "TY", "action_flag": 1, "change_message": "[{\"added\": {}}]"}}, {"model": "admin.logentry", "pk": 106, "fields": {"action_time": "2019-06-03T18:43:34.037Z", "user": 1, "content_type": 13, "object_id": "3", "object_repr": "LY", "action_flag": 1, "change_message": "[{\"added\": {}}]"}}, {"model": "admin.logentry", "pk": 107, "fields": {"action_time": "2019-06-03T18:43:43.643Z", "user": 1, "content_type": 13, "object_id": "1", "object_repr": "SY", "action_flag": 2, "change_message": "[{\"changed\": {\"fields\": [\"year\"]}}]"}}, {"model": "admin.logentry", "pk": 108, "fields": {"action_time": "2019-06-03T18:44:08.057Z", "user": 1, "content_type": 10, "object_id": "5", "object_repr": "WP", "action_flag": 2, "change_message": "[{\"changed\": {\"fields\": [\"year\"]}}]"}}, {"model": "admin.logentry", "pk": 109, "fields": {"action_time": "2019-06-03T18:44:23.827Z", "user": 1, "content_type": 10, "object_id": "4", "object_repr": "DCN", "action_flag": 2, "change_message": "[{\"changed\": {\"fields\": [\"year\"]}}]"}}, {"model": "admin.logentry", "pk": 110, "fields": {"action_time": "2019-06-03T18:44:35.547Z", "user": 1, "content_type": 10, "object_id": "3", "object_repr": "AOA", "action_flag": 2, "change_message": "[{\"changed\": {\"fields\": [\"year\"]}}]"}}, {"model": "admin.logentry", "pk": 111, "fields": {"action_time": "2019-06-03T18:44:48.018Z", "user": 1, "content_type": 10, "object_id": "2", "object_repr": "COA", "action_flag": 2, "change_message": "[{\"changed\": {\"fields\": [\"year\"]}}]"}}, {"model": "admin.logentry", "pk": 112, "fields": {"action_time": "2019-06-03T18:45:00.991Z", "user": 1, "content_type": 10, "object_id": "1", "object_repr": "M4", "action_flag": 2, "change_message": "[{\"changed\": {\"fields\": [\"year\"]}}]"}}, {"model": "admin.logentry", "pk": 113, "fields": {"action_time": "2019-06-06T16:52:24.212Z", "user": 1, "content_type": 10, "object_id": "5", "object_repr": "WP", "action_flag": 2, "change_message": "[]"}}, {"model": "admin.logentry", "pk": 114, "fields": {"action_time": "2019-06-06T16:52:37.513Z", "user": 1, "content_type": 10, "object_id": "4", "object_repr": "DCN", "action_flag": 2, "change_message": "[{\"changed\": {\"fields\": [\"teaching_faculty\"]}}]"}}, {"model": "admin.logentry", "pk": 115, "fields": {"action_time": "2019-06-06T16:52:53.939Z", "user": 1, "content_type": 10, "object_id": "3", "object_repr": "AOA", "action_flag": 2, "change_message": "[{\"changed\": {\"fields\": [\"teaching_faculty\"]}}]"}}, {"model": "admin.logentry", "pk": 116, "fields": {"action_time": "2019-06-06T16:53:12.816Z", "user": 1, "content_type": 10, "object_id": "2", "object_repr": "COA", "action_flag": 2, "change_message": "[{\"changed\": {\"fields\": [\"teaching_faculty\"]}}]"}}, {"model": "admin.logentry", "pk": 117, "fields": {"action_time": "2019-06-06T16:53:31.167Z", "user": 1, "content_type": 10, "object_id": "1", "object_repr": "M4", "action_flag": 2, "change_message": "[{\"changed\": {\"fields\": [\"teaching_faculty\"]}}]"}}, {"model": "admin.logentry", "pk": 118, "fields": {"action_time": "2019-06-06T17:20:31.366Z", "user": 1, "content_type": 11, "object_id": "1", "object_repr": "M4", "action_flag": 2, "change_message": "[{\"changed\": {\"fields\": [\"lec_div\"]}}]"}}, {"model": "admin.logentry", "pk": 119, "fields": {"action_time": "2019-06-06T17:20:46.738Z", "user": 1, "content_type": 11, "object_id": "2", "object_repr": "COA", "action_flag": 2, "change_message": "[{\"changed\": {\"fields\": [\"lec_div\"]}}]"}}, {"model": "admin.logentry", "pk": 120, "fields": {"action_time": "2019-06-06T17:21:04.544Z", "user": 1, "content_type": 11, "object_id": "3", "object_repr": "AOA", "action_flag": 2, "change_message": "[{\"changed\": {\"fields\": [\"lec_div\"]}}]"}}, {"model": "admin.logentry", "pk": 121, "fields": {"action_time": "2019-06-06T17:21:20.619Z", "user": 1, "content_type": 11, "object_id": "4", "object_repr": "WP", "action_flag": 2, "change_message": "[{\"changed\": {\"fields\": [\"lec_div\"]}}]"}}, {"model": "admin.logentry", "pk": 122, "fields": {"action_time": "2019-06-06T17:21:38.458Z", "user": 1, "content_type": 11, "object_id": "5", "object_repr": "AOA", "action_flag": 2, "change_message": "[{\"changed\": {\"fields\": [\"lec_div\"]}}]"}}, {"model": "admin.logentry", "pk": 123, "fields": {"action_time": "2019-06-06T17:21:57.033Z", "user": 1, "content_type": 11, "object_id": "6", "object_repr": "DCN", "action_flag": 2, "change_message": "[{\"changed\": {\"fields\": [\"lec_div\"]}}]"}}, {"model": "admin.logentry", "pk": 124, "fields": {"action_time": "2019-06-06T17:23:34.060Z", "user": 1, "content_type": 11, "object_id": "7", "object_repr": "DCN", "action_flag": 1, "change_message": "[{\"added\": {}}]"}}, {"model": "admin.logentry", "pk": 125, "fields": {"action_time": "2019-06-06T17:24:12.287Z", "user": 1, "content_type": 11, "object_id": "7", "object_repr": "DCN", "action_flag": 3, "change_message": ""}}, {"model": "admin.logentry", "pk": 126, "fields": {"action_time": "2019-06-06T18:00:12.691Z", "user": 1, "content_type": 11, "object_id": "8", "object_repr": "M4", "action_flag": 3, "change_message": ""}}, {"model": "admin.logentry", "pk": 127, "fields": {"action_time": "2019-06-06T19:06:35.396Z", "user": 1, "content_type": 11, "object_id": "9", "object_repr": "M4", "action_flag": 3, "change_message": ""}}, {"model": "admin.logentry", "pk": 128, "fields": {"action_time": "2019-06-06T19:11:08.234Z", "user": 1, "content_type": 11, "object_id": "11", "object_repr": "COA", "action_flag": 3, "change_message": ""}}, {"model": "admin.logentry", "pk": 129, "fields": {"action_time": "2019-06-07T06:53:42.615Z", "user": 1, "content_type": 16, "object_id": "1", "object_repr": "SY - A - A1", "action_flag": 1, "change_message": "[{\"added\": {}}]"}}, {"model": "admin.logentry", "pk": 130, "fields": {"action_time": "2019-06-07T06:53:50.382Z", "user": 1, "content_type": 16, "object_id": "2", "object_repr": "SY - A - A2", "action_flag": 1, "change_message": "[{\"added\": {}}]"}}, {"model": "admin.logentry", "pk": 131, "fields": {"action_time": "2019-06-07T06:53:51.773Z", "user": 1, "content_type": 16, "object_id": "2", "object_repr": "SY - A - A2", "action_flag": 2, "change_message": "[]"}}, {"model": "admin.logentry", "pk": 132, "fields": {"action_time": "2019-06-07T06:54:01.161Z", "user": 1, "content_type": 16, "object_id": "3", "object_repr": "SY - A - A3", "action_flag": 1, "change_message": "[{\"added\": {}}]"}}, {"model": "admin.logentry", "pk": 133, "fields": {"action_time": "2019-06-07T06:54:10.669Z", "user": 1, "content_type": 16, "object_id": "4", "object_repr": "SY - A - A4", "action_flag": 1, "change_message": "[{\"added\": {}}]"}}, {"model": "admin.logentry", "pk": 134, "fields": {"action_time": "2019-06-07T06:54:22.930Z", "user": 1, "content_type": 16, "object_id": "5", "object_repr": "SY - B - B1", "action_flag": 1, "change_message": "[{\"added\": {}}]"}}, {"model": "admin.logentry", "pk": 135, "fields": {"action_time": "2019-06-07T06:54:28.924Z", "user": 1, "content_type": 16, "object_id": "6", "object_repr": "SY - B - B2", "action_flag": 1, "change_message": "[{\"added\": {}}]"}}, {"model": "admin.logentry", "pk": 136, "fields": {"action_time": "2019-06-07T06:54:36.284Z", "user": 1, "content_type": 16, "object_id": "7", "object_repr": "SY - B - B3", "action_flag": 1, "change_message": "[{\"added\": {}}]"}}, {"model": "admin.logentry", "pk": 137, "fields": {"action_time": "2019-06-07T06:54:45.667Z", "user": 1, "content_type": 16, "object_id": "8", "object_repr": "SY - B - B4", "action_flag": 1, "change_message": "[{\"added\": {}}]"}}, {"model": "admin.logentry", "pk": 138, "fields": {"action_time": "2019-06-07T06:54:51.181Z", "user": 1, "content_type": 16, "object_id": "9", "object_repr": "TY - A - A1", "action_flag": 1, "change_message": "[{\"added\": {}}]"}}, {"model": "admin.logentry", "pk": 139, "fields": {"action_time": "2019-06-07T06:54:56.139Z", "user": 1, "content_type": 16, "object_id": "10", "object_repr": "TY - A - A2", "action_flag": 1, "change_message": "[{\"added\": {}}]"}}, {"model": "admin.logentry", "pk": 140, "fields": {"action_time": "2019-06-07T06:55:01.206Z", "user": 1, "content_type": 16, "object_id": "11", "object_repr": "TY - A - A3", "action_flag": 1, "change_message": "[{\"added\": {}}]"}}, {"model": "admin.logentry", "pk": 141, "fields": {"action_time": "2019-06-07T06:55:06.338Z", "user": 1, "content_type": 16, "object_id": "12", "object_repr": "TY - A - A4", "action_flag": 1, "change_message": "[{\"added\": {}}]"}}, {"model": "admin.logentry", "pk": 142, "fields": {"action_time": "2019-06-07T06:55:11.676Z", "user": 1, "content_type": 16, "object_id": "13", "object_repr": "TY - B - B1", "action_flag": 1, "change_message": "[{\"added\": {}}]"}}, {"model": "admin.logentry", "pk": 143, "fields": {"action_time": "2019-06-07T06:55:17.066Z", "user": 1, "content_type": 16, "object_id": "14", "object_repr": "TY - B - B2", "action_flag": 1, "change_message": "[{\"added\": {}}]"}}, {"model": "admin.logentry", "pk": 144, "fields": {"action_time": "2019-06-07T06:56:05.730Z", "user": 1, "content_type": 16, "object_id": "15", "object_repr": "TY - B - B3", "action_flag": 1, "change_message": "[{\"added\": {}}]"}}, {"model": "admin.logentry", "pk": 145, "fields": {"action_time": "2019-06-07T06:56:19.924Z", "user": 1, "content_type": 16, "object_id": "16", "object_repr": "TY - B - B4", "action_flag": 1, "change_message": "[{\"added\": {}}]"}}, {"model": "admin.logentry", "pk": 146, "fields": {"action_time": "2019-06-07T06:56:28.879Z", "user": 1, "content_type": 16, "object_id": "17", "object_repr": "LY - A - A1", "action_flag": 1, "change_message": "[{\"added\": {}}]"}}, {"model": "admin.logentry", "pk": 147, "fields": {"action_time": "2019-06-07T06:56:35.862Z", "user": 1, "content_type": 16, "object_id": "18", "object_repr": "LY - A - A2", "action_flag": 1, "change_message": "[{\"added\": {}}]"}}, {"model": "admin.logentry", "pk": 148, "fields": {"action_time": "2019-06-07T06:56:41.403Z", "user": 1, "content_type": 16, "object_id": "19", "object_repr": "LY - A - A3", "action_flag": 1, "change_message": "[{\"added\": {}}]"}}, {"model": "admin.logentry", "pk": 149, "fields": {"action_time": "2019-06-07T06:56:47.226Z", "user": 1, "content_type": 16, "object_id": "20", "object_repr": "LY - A - A4", "action_flag": 1, "change_message": "[{\"added\": {}}]"}}, {"model": "admin.logentry", "pk": 150, "fields": {"action_time": "2019-06-07T06:56:57.235Z", "user": 1, "content_type": 16, "object_id": "21", "object_repr": "LY - B - B1", "action_flag": 1, "change_message": "[{\"added\": {}}]"}}, {"model": "admin.logentry", "pk": 151, "fields": {"action_time": "2019-06-07T06:57:02.683Z", "user": 1, "content_type": 16, "object_id": "22", "object_repr": "LY - B - B2", "action_flag": 1, "change_message": "[{\"added\": {}}]"}}, {"model": "admin.logentry", "pk": 152, "fields": {"action_time": "2019-06-07T06:57:12.519Z", "user": 1, "content_type": 16, "object_id": "23", "object_repr": "LY - B - B3", "action_flag": 1, "change_message": "[{\"added\": {}}]"}}, {"model": "admin.logentry", "pk": 153, "fields": {"action_time": "2019-06-07T06:57:19.679Z", "user": 1, "content_type": 16, "object_id": "24", "object_repr": "LY - B - B4", "action_flag": 1, "change_message": "[{\"added\": {}}]"}}, {"model": "admin.logentry", "pk": 154, "fields": {"action_time": "2019-06-07T06:58:11.245Z", "user": 1, "content_type": 15, "object_id": "1", "object_repr": "B301", "action_flag": 1, "change_message": "[{\"added\": {}}]"}}, {"model": "admin.logentry", "pk": 155, "fields": {"action_time": "2019-06-07T06:58:15.861Z", "user": 1, "content_type": 15, "object_id": "2", "object_repr": "B302", "action_flag": 1, "change_message": "[{\"added\": {}}]"}}, {"model": "admin.logentry", "pk": 156, "fields": {"action_time": "2019-06-07T06:58:20.502Z", "user": 1, "content_type": 15, "object_id": "3", "object_repr": "B303", "action_flag": 1, "change_message": "[{\"added\": {}}]"}}, {"model": "admin.logentry", "pk": 157, "fields": {"action_time": "2019-06-07T06:58:24.836Z", "user": 1, "content_type": 15, "object_id": "4", "object_repr": "B304", "action_flag": 1, "change_message": "[{\"added\": {}}]"}}, {"model": "admin.logentry", "pk": 158, "fields": {"action_time": "2019-06-07T06:58:28.921Z", "user": 1, "content_type": 15, "object_id": "5", "object_repr": "B305", "action_flag": 1, "change_message": "[{\"added\": {}}]"}}, {"model": "admin.logentry", "pk": 159, "fields": {"action_time": "2019-06-07T06:58:32.838Z", "user": 1, "content_type": 15, "object_id": "6", "object_repr": "B306", "action_flag": 1, "change_message": "[{\"added\": {}}]"}}, {"model": "admin.logentry", "pk": 160, "fields": {"action_time": "2019-06-07T06:58:37.019Z", "user": 1, "content_type": 15, "object_id": "7", "object_repr": "B307", "action_flag": 1, "change_message": "[{\"added\": {}}]"}}, {"model": "admin.logentry", "pk": 161, "fields": {"action_time": "2019-06-07T06:58:40.674Z", "user": 1, "content_type": 15, "object_id": "8", "object_repr": "B308", "action_flag": 1, "change_message": "[{\"added\": {}}]"}}, {"model": "admin.logentry", "pk": 162, "fields": {"action_time": "2019-06-07T06:58:46.693Z", "user": 1, "content_type": 15, "object_id": "9", "object_repr": "B309", "action_flag": 1, "change_message": "[{\"added\": {}}]"}}, {"model": "admin.logentry", "pk": 163, "fields": {"action_time": "2019-06-07T06:58:55.875Z", "user": 1, "content_type": 15, "object_id": "10", "object_repr": "B310", "action_flag": 1, "change_message": "[{\"added\": {}}]"}}, {"model": "admin.logentry", "pk": 164, "fields": {"action_time": "2019-06-07T06:59:00.021Z", "user": 1, "content_type": 15, "object_id": "11", "object_repr": "B311", "action_flag": 1, "change_message": "[{\"added\": {}}]"}}, {"model": "admin.logentry", "pk": 165, "fields": {"action_time": "2019-06-07T06:59:06.613Z", "user": 1, "content_type": 15, "object_id": "12", "object_repr": "B312", "action_flag": 1, "change_message": "[{\"added\": {}}]"}}, {"model": "admin.logentry", "pk": 166, "fields": {"action_time": "2019-06-07T06:59:10.782Z", "user": 1, "content_type": 15, "object_id": "13", "object_repr": "B313", "action_flag": 1, "change_message": "[{\"added\": {}}]"}}, {"model": "admin.logentry", "pk": 167, "fields": {"action_time": "2019-06-07T06:59:22.046Z", "user": 1, "content_type": 15, "object_id": "14", "object_repr": "B314", "action_flag": 1, "change_message": "[{\"added\": {}}]"}}, {"model": "admin.logentry", "pk": 168, "fields": {"action_time": "2019-06-07T06:59:26.893Z", "user": 1, "content_type": 15, "object_id": "15", "object_repr": "B315", "action_flag": 1, "change_message": "[{\"added\": {}}]"}}, {"model": "admin.logentry", "pk": 169, "fields": {"action_time": "2019-06-07T06:59:30.526Z", "user": 1, "content_type": 15, "object_id": "16", "object_repr": "B316", "action_flag": 1, "change_message": "[{\"added\": {}}]"}}, {"model": "admin.logentry", "pk": 170, "fields": {"action_time": "2019-06-07T06:59:36.617Z", "user": 1, "content_type": 15, "object_id": "17", "object_repr": "B317", "action_flag": 1, "change_message": "[{\"added\": {}}]"}}, {"model": "admin.logentry", "pk": 171, "fields": {"action_time": "2019-06-07T07:03:28.609Z", "user": 1, "content_type": 11, "object_id": "13", "object_repr": "COA", "action_flag": 3, "change_message": ""}}, {"model": "admin.logentry", "pk": 172, "fields": {"action_time": "2019-06-07T07:03:59.280Z", "user": 1, "content_type": 11, "object_id": "12", "object_repr": "COA", "action_flag": 3, "change_message": ""}}, {"model": "admin.logentry", "pk": 173, "fields": {"action_time": "2019-06-07T07:05:47.846Z", "user": 1, "content_type": 11, "object_id": "4", "object_repr": "WP", "action_flag": 2, "change_message": "[{\"changed\": {\"fields\": [\"lec_time\", \"lec_in\"]}}]"}}, {"model": "admin.logentry", "pk": 174, "fields": {"action_time": "2019-06-07T07:06:29.307Z", "user": 1, "content_type": 11, "object_id": "4", "object_repr": "WP", "action_flag": 2, "change_message": "[{\"changed\": {\"fields\": [\"lec_time\", \"lec_in\"]}}]"}}, {"model": "admin.logentry", "pk": 175, "fields": {"action_time": "2019-06-07T07:12:47.545Z", "user": 1, "content_type": 11, "object_id": "10", "object_repr": "M4", "action_flag": 2, "change_message": "[{\"changed\": {\"fields\": [\"lec_in\"]}}]"}}, {"model": "admin.logentry", "pk": 176, "fields": {"action_time": "2019-06-07T07:13:01.220Z", "user": 1, "content_type": 11, "object_id": "6", "object_repr": "DCN", "action_flag": 2, "change_message": "[{\"changed\": {\"fields\": [\"lec_in\"]}}]"}}, {"model": "admin.logentry", "pk": 177, "fields": {"action_time": "2019-06-07T07:21:31.745Z", "user": 1, "content_type": 11, "object_id": "14", "object_repr": "AOA", "action_flag": 1, "change_message": "[{\"added\": {}}]"}}, {"model": "admin.logentry", "pk": 178, "fields": {"action_time": "2019-06-07T07:28:16.059Z", "user": 1, "content_type": 11, "object_id": "3", "object_repr": "AOA", "action_flag": 3, "change_message": ""}}, {"model": "admin.logentry", "pk": 179, "fields": {"action_time": "2019-06-07T07:28:25.560Z", "user": 1, "content_type": 11, "object_id": "5", "object_repr": "AOA", "action_flag": 2, "change_message": "[{\"changed\": {\"fields\": [\"lec_day\", \"lec_in\"]}}]"}}, {"model": "admin.logentry", "pk": 180, "fields": {"action_time": "2019-06-08T07:51:52.953Z", "user": 1, "content_type": 11, "object_id": "17", "object_repr": "COA", "action_flag": 3, "change_message": ""}}, {"model": "admin.logentry", "pk": 181, "fields": {"action_time": "2019-06-08T07:52:14.384Z", "user": 1, "content_type": 11, "object_id": "15", "object_repr": "AOA", "action_flag": 3, "change_message": ""}}, {"model": "admin.logentry", "pk": 182, "fields": {"action_time": "2019-06-08T07:55:44.006Z", "user": 1, "content_type": 11, "object_id": "18", "object_repr": "WP", "action_flag": 1, "change_message": "[{\"added\": {}}]"}}, {"model": "admin.logentry", "pk": 183, "fields": {"action_time": "2019-06-08T07:58:22.249Z", "user": 1, "content_type": 11, "object_id": "19", "object_repr": "WP", "action_flag": 3, "change_message": ""}}, {"model": "admin.logentry", "pk": 184, "fields": {"action_time": "2019-06-08T07:59:30.087Z", "user": 1, "content_type": 11, "object_id": "20", "object_repr": "WP", "action_flag": 3, "change_message": ""}}, {"model": "admin.logentry", "pk": 185, "fields": {"action_time": "2019-06-08T08:02:42.138Z", "user": 1, "content_type": 11, "object_id": "21", "object_repr": "WP", "action_flag": 3, "change_message": ""}}, {"model": "admin.logentry", "pk": 186, "fields": {"action_time": "2019-06-08T08:08:01.663Z", "user": 1, "content_type": 11, "object_id": "22", "object_repr": "WP", "action_flag": 3, "change_message": ""}}, {"model": "admin.logentry", "pk": 187, "fields": {"action_time": "2019-06-08T08:14:19.974Z", "user": 1, "content_type": 11, "object_id": "27", "object_repr": "COA", "action_flag": 3, "change_message": ""}}, {"model": "admin.logentry", "pk": 188, "fields": {"action_time": "2019-06-08T08:32:21.626Z", "user": 1, "content_type": 11, "object_id": "28", "object_repr": "COA", "action_flag": 1, "change_message": "[{\"added\": {}}]"}}, {"model": "admin.logentry", "pk": 189, "fields": {"action_time": "2019-06-08T08:55:00.472Z", "user": 1, "content_type": 11, "object_id": "28", "object_repr": "COA", "action_flag": 3, "change_message": ""}}, {"model": "admin.logentry", "pk": 190, "fields": {"action_time": "2019-06-08T11:07:47.034Z", "user": 1, "content_type": 11, "object_id": "26", "object_repr": "WP", "action_flag": 3, "change_message": ""}}, {"model": "admin.logentry", "pk": 191, "fields": {"action_time": "2019-06-08T11:07:47.192Z", "user": 1, "content_type": 11, "object_id": "25", "object_repr": "WP", "action_flag": 3, "change_message": ""}}, {"model": "admin.logentry", "pk": 192, "fields": {"action_time": "2019-06-08T11:07:47.269Z", "user": 1, "content_type": 11, "object_id": "24", "object_repr": "WP", "action_flag": 3, "change_message": ""}}, {"model": "admin.logentry", "pk": 193, "fields": {"action_time": "2019-06-08T11:07:47.357Z", "user": 1, "content_type": 11, "object_id": "23", "object_repr": "WP", "action_flag": 3, "change_message": ""}}, {"model": "admin.logentry", "pk": 194, "fields": {"action_time": "2019-06-08T11:07:47.434Z", "user": 1, "content_type": 11, "object_id": "18", "object_repr": "WP", "action_flag": 3, "change_message": ""}}, {"model": "admin.logentry", "pk": 195, "fields": {"action_time": "2019-06-08T11:07:47.512Z", "user": 1, "content_type": 11, "object_id": "16", "object_repr": "M4", "action_flag": 3, "change_message": ""}}, {"model": "admin.logentry", "pk": 196, "fields": {"action_time": "2019-06-08T11:08:38.833Z", "user": 1, "content_type": 11, "object_id": "27", "object_repr": "WP", "action_flag": 1, "change_message": "[{\"added\": {}}]"}}, {"model": "admin.logentry", "pk": 197, "fields": {"action_time": "2019-06-08T11:09:14.960Z", "user": 1, "content_type": 11, "object_id": "28", "object_repr": "M4", "action_flag": 1, "change_message": "[{\"added\": {}}]"}}, {"model": "admin.logentry", "pk": 198, "fields": {"action_time": "2019-06-08T11:11:59.920Z", "user": 1, "content_type": 11, "object_id": "28", "object_repr": "M4", "action_flag": 3, "change_message": ""}}, {"model": "admin.logentry", "pk": 199, "fields": {"action_time": "2019-06-08T11:12:29.782Z", "user": 1, "content_type": 11, "object_id": "29", "object_repr": "M4", "action_flag": 1, "change_message": "[{\"added\": {}}]"}}, {"model": "admin.logentry", "pk": 200, "fields": {"action_time": "2019-06-08T11:13:06.535Z", "user": 1, "content_type": 11, "object_id": "29", "object_repr": "M4", "action_flag": 3, "change_message": ""}}, {"model": "admin.logentry", "pk": 201, "fields": {"action_time": "2019-06-11T07:04:53.417Z", "user": 1, "content_type": 17, "object_id": "1", "object_repr": "M4", "action_flag": 1, "change_message": "[{\"added\": {}}]"}}, {"model": "admin.logentry", "pk": 202, "fields": {"action_time": "2019-06-12T13:26:10.542Z", "user": 1, "content_type": 17, "object_id": "1", "object_repr": "M4", "action_flag": 2, "change_message": "[{\"changed\": {\"fields\": [\"year\", \"division\"]}}]"}}, {"model": "admin.logentry", "pk": 203, "fields": {"action_time": "2019-06-13T15:54:22.572Z", "user": 1, "content_type": 17, "object_id": "5", "object_repr": "M4", "action_flag": 2, "change_message": "[{\"changed\": {\"fields\": [\"lec_in\"]}}]"}}, {"model": "admin.logentry", "pk": 204, "fields": {"action_time": "2019-06-13T15:54:36.338Z", "user": 1, "content_type": 17, "object_id": "2", "object_repr": "COA", "action_flag": 2, "change_message": "[{\"changed\": {\"fields\": [\"lec_in\"]}}]"}}, {"model": "admin.logentry", "pk": 205, "fields": {"action_time": "2019-06-13T15:54:53.618Z", "user": 1, "content_type": 17, "object_id": "3", "object_repr": "M4", "action_flag": 2, "change_message": "[{\"changed\": {\"fields\": [\"lec_in\"]}}]"}}, {"model": "admin.logentry", "pk": 206, "fields": {"action_time": "2019-06-13T15:55:20.631Z", "user": 1, "content_type": 17, "object_id": "4", "object_repr": "M4", "action_flag": 2, "change_message": "[{\"changed\": {\"fields\": [\"lec_in\"]}}]"}}, {"model": "admin.logentry", "pk": 207, "fields": {"action_time": "2019-06-13T15:55:37.609Z", "user": 1, "content_type": 17, "object_id": "5", "object_repr": "M4", "action_flag": 2, "change_message": "[]"}}, {"model": "admin.logentry", "pk": 208, "fields": {"action_time": "2019-06-13T15:55:59.023Z", "user": 1, "content_type": 17, "object_id": "1", "object_repr": "M4", "action_flag": 2, "change_message": "[{\"changed\": {\"fields\": [\"lec_in\"]}}]"}}, {"model": "admin.logentry", "pk": 209, "fields": {"action_time": "2019-06-13T18:02:45.193Z", "user": 1, "content_type": 17, "object_id": "6", "object_repr": "COA", "action_flag": 1, "change_message": "[{\"added\": {}}]"}}, {"model": "admin.logentry", "pk": 210, "fields": {"action_time": "2019-06-23T04:45:37.826Z", "user": 1, "content_type": 20, "object_id": "1", "object_repr": "STTP--Reflecto", "action_flag": 1, "change_message": "[{\"added\": {}}]"}}, {"model": "admin.logentry", "pk": 211, "fields": {"action_time": "2019-06-23T04:46:23.188Z", "user": 1, "content_type": 20, "object_id": "1", "object_repr": "STTP--Reflecto", "action_flag": 3, "change_message": ""}}, {"model": "admin.logentry", "pk": 212, "fields": {"action_time": "2019-06-23T04:49:39.469Z", "user": 1, "content_type": 20, "object_id": "2", "object_repr": "STTP--Reflecto", "action_flag": 1, "change_message": "[{\"added\": {}}]"}}, {"model": "admin.logentry", "pk": 213, "fields": {"action_time": "2019-06-23T05:37:43.255Z", "user": 1, "content_type": 20, "object_id": "3", "object_repr": "STTP--Reflecto", "action_flag": 3, "change_message": ""}}, {"model": "admin.logentry", "pk": 214, "fields": {"action_time": "2019-06-23T05:37:43.353Z", "user": 1, "content_type": 20, "object_id": "2", "object_repr": "STTP--Reflecto", "action_flag": 3, "change_message": ""}}, {"model": "admin.logentry", "pk": 215, "fields": {"action_time": "2019-06-23T05:40:35.132Z", "user": 1, "content_type": 20, "object_id": "4", "object_repr": "STTP--Reflecto", "action_flag": 3, "change_message": ""}}, {"model": "admin.logentry", "pk": 216, "fields": {"action_time": "2019-06-23T05:43:29.544Z", "user": 1, "content_type": 20, "object_id": "5", "object_repr": "STTP--Reflecto", "action_flag": 3, "change_message": ""}}, {"model": "admin.logentry", "pk": 217, "fields": {"action_time": "2019-06-23T05:56:18.179Z", "user": 1, "content_type": 20, "object_id": "7", "object_repr": "STTP--Reflecto", "action_flag": 3, "change_message": ""}}, {"model": "admin.logentry", "pk": 218, "fields": {"action_time": "2019-06-23T05:56:18.373Z", "user": 1, "content_type": 20, "object_id": "6", "object_repr": "STTP--Reflecto", "action_flag": 3, "change_message": ""}}, {"model": "admin.logentry", "pk": 219, "fields": {"action_time": "2019-06-23T07:24:17.166Z", "user": 1, "content_type": 20, "object_id": "12", "object_repr": "STTP--Reflecto", "action_flag": 3, "change_message": ""}}, {"model": "admin.logentry", "pk": 220, "fields": {"action_time": "2019-06-23T07:24:17.346Z", "user": 1, "content_type": 20, "object_id": "11", "object_repr": "STTP--Reflecto", "action_flag": 3, "change_message": ""}}, {"model": "admin.logentry", "pk": 221, "fields": {"action_time": "2019-06-23T07:24:17.438Z", "user": 1, "content_type": 20, "object_id": "10", "object_repr": "STTP--Reflecto", "action_flag": 3, "change_message": ""}}, {"model": "admin.logentry", "pk": 222, "fields": {"action_time": "2019-06-23T07:24:17.584Z", "user": 1, "content_type": 20, "object_id": "9", "object_repr": "STTP--Reflecto", "action_flag": 3, "change_message": ""}}, {"model": "admin.logentry", "pk": 223, "fields": {"action_time": "2019-06-23T07:24:17.683Z", "user": 1, "content_type": 20, "object_id": "8", "object_repr": "STTP--Reflecto", "action_flag": 3, "change_message": ""}}, {"model": "admin.logentry", "pk": 224, "fields": {"action_time": "2019-06-30T13:01:59.320Z", "user": 1, "content_type": 2, "object_id": "1", "object_repr": "admin", "action_flag": 2, "change_message": "[{\"changed\": {\"fields\": [\"email\"]}}]"}}, {"model": "admin.logentry", "pk": 225, "fields": {"action_time": "2019-06-30T13:02:18.537Z", "user": 1, "content_type": 2, "object_id": "2", "object_repr": "teacher1", "action_flag": 2, "change_message": "[{\"changed\": {\"fields\": [\"email\"]}}]"}}, {"model": "admin.logentry", "pk": 226, "fields": {"action_time": "2019-06-30T13:02:38.633Z", "user": 1, "content_type": 2, "object_id": "3", "object_repr": "teacher2", "action_flag": 2, "change_message": "[{\"changed\": {\"fields\": [\"email\"]}}]"}}, {"model": "admin.logentry", "pk": 227, "fields": {"action_time": "2019-06-30T13:02:57.857Z", "user": 1, "content_type": 2, "object_id": "4", "object_repr": "teacher3", "action_flag": 2, "change_message": "[{\"changed\": {\"fields\": [\"email\"]}}]"}}, {"model": "admin.logentry", "pk": 228, "fields": {"action_time": "2019-06-30T13:03:14.748Z", "user": 1, "content_type": 2, "object_id": "5", "object_repr": "teacher4", "action_flag": 2, "change_message": "[{\"changed\": {\"fields\": [\"email\"]}}]"}}]