CREATE TABLE IF NOT EXISTS django_migrations (id integer NOT NULL PRIMARY KEY AUTO_INCREMENT, app varchar(255) NOT NULL, name varchar(255) NOT NULL, applied datetime NOT NULL);
INSERT INTO django_migrations VALUES(62,'contenttypes','0001_initial','2019-06-07 06:46:17.100428');
INSERT INTO django_migrations VALUES(63,'auth','0001_initial','2019-06-07 06:46:17.194220');
INSERT INTO django_migrations VALUES(64,'admin','0001_initial','2019-06-07 06:46:17.256719');
INSERT INTO django_migrations VALUES(65,'admin','0002_logentry_remove_auto_add','2019-06-07 06:46:17.303595');
INSERT INTO django_migrations VALUES(66,'admin','0003_logentry_add_action_flag_choices','2019-06-07 06:46:17.366097');
INSERT INTO django_migrations VALUES(67,'contenttypes','0002_remove_content_type_name','2019-06-07 06:46:17.412971');
INSERT INTO django_migrations VALUES(68,'auth','0002_alter_permission_name_max_length','2019-06-07 06:46:17.475470');
INSERT INTO django_migrations VALUES(69,'auth','0003_alter_user_email_max_length','2019-06-07 06:46:17.522347');
INSERT INTO django_migrations VALUES(70,'auth','0004_alter_user_username_opts','2019-06-07 06:46:17.569223');
INSERT INTO django_migrations VALUES(71,'auth','0005_alter_user_last_login_null','2019-06-07 06:46:17.616098');
INSERT INTO django_migrations VALUES(72,'auth','0006_require_contenttypes_0002','2019-06-07 06:46:17.694223');
INSERT INTO django_migrations VALUES(73,'auth','0007_alter_validators_add_error_messages','2019-06-07 06:46:17.741055');
INSERT INTO django_migrations VALUES(74,'auth','0008_alter_user_username_max_length','2019-06-07 06:46:17.803551');
INSERT INTO django_migrations VALUES(75,'auth','0009_alter_user_last_name_max_length','2019-06-07 06:46:17.866100');
INSERT INTO django_migrations VALUES(76,'auth','0010_alter_group_name_max_length','2019-06-07 06:46:17.912977');
INSERT INTO django_migrations VALUES(77,'auth','0011_update_proxy_permissions','2019-06-07 06:46:17.975476');
INSERT INTO django_migrations VALUES(78,'faculty','0001_initial','2019-06-07 06:46:18.037927');
INSERT INTO django_migrations VALUES(79,'sessions','0001_initial','2019-06-07 06:46:18.100477');
INSERT INTO django_migrations VALUES(80,'faculty','0002_auto_20190607_1218','2019-06-07 06:49:02.265003');
INSERT INTO django_migrations VALUES(81,'faculty','0003_lecture_lec_batch','2019-06-07 07:47:09.397762');
INSERT INTO django_migrations VALUES(82,'faculty','0004_auto_20190608_1636','2019-06-08 11:06:32.111250');
INSERT INTO django_migrations VALUES(83,'faculty','0005_makeuplecture','2019-06-11 06:52:24.580291');
INSERT INTO django_migrations VALUES(84,'faculty','0006_auto_20190612_1855','2019-06-12 13:25:17.124949');
INSERT INTO django_migrations VALUES(85,'faculty','0007_auto_20190612_1857','2019-06-12 13:27:39.651433');
INSERT INTO django_migrations VALUES(86,'faculty','0008_auto_20190613_2110','2019-06-13 15:40:57.913733');
INSERT INTO django_migrations VALUES(87,'faculty','0009_ia','2019-06-14 09:50:57.462794');
INSERT INTO django_migrations VALUES(88,'faculty','0010_guestlecture','2019-06-15 07:11:02.667155');
INSERT INTO django_migrations VALUES(90,'faculty','0011_od','2019-06-23 04:41:13.243713');
INSERT INTO django_migrations VALUES(91,'faculty','0012_auto_20190623_1030','2019-06-23 05:00:29.491370');
INSERT INTO django_migrations VALUES(92,'faculty','0013_auto_20190627_1504','2019-06-27 09:34:11.205372');
INSERT INTO django_migrations VALUES(93,'mailer','0001_initial','2019-07-02 17:04:34.769958');
INSERT INTO django_migrations VALUES(94,'mailer','0002_auto_20150720_1433','2019-07-02 17:04:34.925959');
INSERT INTO django_migrations VALUES(95,'mailer','0003_messagelog_message_id','2019-07-02 17:04:35.035159');
INSERT INTO django_migrations VALUES(96,'faculty','0014_loadshift_approved_status','2019-07-04 09:41:54.294177');
INSERT INTO django_migrations VALUES(97,'jet','0001_initial','2019-07-04 11:55:29.992314');
INSERT INTO django_migrations VALUES(98,'jet','0002_delete_userdashboardmodule','2019-07-04 11:55:30.117321');
INSERT INTO django_migrations VALUES(99,'dashboard','0001_initial','2019-07-04 12:04:15.306398');
INSERT INTO django_migrations VALUES(100,'faculty','0015_auto_20190706_1944','2019-07-07 10:08:46.318773');
INSERT INTO django_migrations VALUES(101,'faculty','0016_auto_20190706_1948','2019-07-07 10:08:46.520785');
CREATE TABLE IF NOT EXISTS auth_group_permissions (id integer NOT NULL PRIMARY KEY AUTO_INCREMENT, group_id integer NOT NULL REFERENCES auth_group (id) , permission_id integer NOT NULL REFERENCES  auth_permission  (id) );
CREATE TABLE IF NOT EXISTS auth_user_groups (id integer NOT NULL PRIMARY KEY AUTO_INCREMENT, user_id integer NOT NULL REFERENCES auth_user (id) , group_id integer NOT NULL REFERENCES auth_group (id) );
CREATE TABLE IF NOT EXISTS auth_user_user_permissions (id integer NOT NULL PRIMARY KEY AUTO_INCREMENT, user_id integer NOT NULL REFERENCES auth_user (id) , permission_id integer NOT NULL REFERENCES  auth_permission  (id) );
CREATE TABLE IF NOT EXISTS  django_admin_log  (id integer NOT NULL PRIMARY KEY AUTO_INCREMENT, action_time datetime NOT NULL, object_id text NULL, object_repr varchar(200) NOT NULL, change_message text NOT NULL, content_type_id integer NULL REFERENCES django_content_type (id) , user_id integer NOT NULL REFERENCES auth_user (id) , action_flag smallint  NOT NULL);
INSERT INTO django_admin_log VALUES(1,'2019-04-04 07:57:43.124671','1','Test','[{added: {}}]',8,1,1);
INSERT INTO django_admin_log VALUES(2,'2019-04-04 07:57:58.791478','1','M4','[{added: {}}]',10,1,1);
INSERT INTO django_admin_log VALUES(3,'2019-04-04 07:58:12.577489','2','COA','[{added: {}}]',10,1,1);
INSERT INTO django_admin_log VALUES(4,'2019-04-04 07:58:37.114464','2','teacher1','[{added: {}}]',2,1,1);
INSERT INTO django_admin_log VALUES(5,'2019-04-04 07:58:51.739804','2','teacher1','[]',2,1,2);
INSERT INTO django_admin_log VALUES(6,'2019-04-04 07:59:51.873660','3','teacher2','[{added: {}}]',2,1,1);
INSERT INTO django_admin_log VALUES(7,'2019-04-04 08:00:02.081723','3','teacher2','[]',2,1,2);
INSERT INTO django_admin_log VALUES(8,'2019-04-04 08:00:12.234896','4','teacher3','[{added: {}}]',2,1,1);
INSERT INTO django_admin_log VALUES(9,'2019-04-04 08:00:17.978379','4','teacher3','[]',2,1,2);
INSERT INTO django_admin_log VALUES(10,'2019-04-04 08:01:29.050788','3','AOA','[{added: {}}]',10,1,1);
INSERT INTO django_admin_log VALUES(11,'2019-04-04 08:01:50.200576','4','DCN','[{added: {}}]',10,1,1);
INSERT INTO django_admin_log VALUES(12,'2019-04-04 08:02:04.692726','5','WP','[{added: {}}]',10,1,1);
INSERT INTO django_admin_log VALUES(13,'2019-04-04 08:04:08.657774','1','Monday','[{added: {}}]',9,1,1);
INSERT INTO django_admin_log VALUES(14,'2019-04-04 08:04:12.072217','2','Tuesday','[{added: {}}]',9,1,1);
INSERT INTO django_admin_log VALUES(15,'2019-04-04 08:04:19.154538','3','Wednesday','[{added: {}}]',9,1,1);
INSERT INTO django_admin_log VALUES(16,'2019-04-04 08:04:24.230679','4','Thursday','[{added: {}}]',9,1,1);
INSERT INTO django_admin_log VALUES(17,'2019-04-04 08:04:29.054772','5','Friday','[{added: {}}]',9,1,1);
INSERT INTO django_admin_log VALUES(18,'2019-04-04 08:04:34.487701','6','Saturday','[{added: {}}]',9,1,1);
INSERT INTO django_admin_log VALUES(19,'2019-04-04 08:04:49.596532','7','Sunday','[{added: {}}]',9,1,1);
INSERT INTO django_admin_log VALUES(20,'2019-04-04 08:07:25.421933','1','10:30 - 11:30','[{added: {}}]',7,1,1);
INSERT INTO django_admin_log VALUES(21,'2019-04-04 08:07:39.836435','2','10:30 - 12:30','[{added: {}}]',7,1,1);
INSERT INTO django_admin_log VALUES(22,'2019-04-04 08:07:56.758186','3','11:30 - 12:30','[{added: {}}]',7,1,1);
INSERT INTO django_admin_log VALUES(23,'2019-04-04 08:08:20.063244','1','M4','[{added: {}}]',11,1,1);
INSERT INTO django_admin_log VALUES(24,'2019-04-04 08:08:35.843197','2','COA','[{added: {}}]',11,1,1);
INSERT INTO django_admin_log VALUES(25,'2019-04-04 08:08:59.670383','3','AOA','[{added: {}}]',11,1,1);
INSERT INTO django_admin_log VALUES(26,'2019-04-04 08:09:15.482236','4','WP','[{added: {}}]',11,1,1);
INSERT INTO django_admin_log VALUES(27,'2019-04-04 08:23:34.092379','1','admin--teacher2','[{added: {}}]',12,1,1);
INSERT INTO django_admin_log VALUES(28,'2019-04-04 08:50:22.455378','5','AOA','[{added: {}}]',11,1,1);
INSERT INTO django_admin_log VALUES(29,'2019-04-04 09:45:24.477520','6','DCN','[{added: {}}]',11,1,1);
INSERT INTO django_admin_log VALUES(30,'2019-04-04 09:58:44.749676','5','teacher4','[{added: {}}]',2,1,1);
INSERT INTO django_admin_log VALUES(31,'2019-04-04 12:35:26.931082','1','admin@04/04/2019--00:00','',8,1,3);
INSERT INTO django_admin_log VALUES(32,'2019-04-04 12:42:58.399611','2','admin@01/04/2019--09:00','',8,1,3);
INSERT INTO django_admin_log VALUES(33,'2019-04-04 13:29:41.693064','3','admin@01/04/2019--09:00','',8,1,3);
INSERT INTO django_admin_log VALUES(34,'2019-04-04 13:30:08.129916','31','admin@01/04/2019--09:00','',8,1,3);
INSERT INTO django_admin_log VALUES(35,'2019-04-04 13:30:08.227929','30','admin@01/04/2019--09:00','',8,1,3);
INSERT INTO django_admin_log VALUES(36,'2019-04-04 13:30:08.350385','29','admin@01/04/2019--09:00','',8,1,3);
INSERT INTO django_admin_log VALUES(37,'2019-04-04 13:30:08.472458','28','admin@01/04/2019--09:00','',8,1,3);
INSERT INTO django_admin_log VALUES(38,'2019-04-04 13:30:08.594663','27','admin@01/04/2019--09:00','',8,1,3);
INSERT INTO django_admin_log VALUES(39,'2019-04-04 13:30:08.683556','26','admin@01/04/2019--09:00','',8,1,3);
INSERT INTO django_admin_log VALUES(40,'2019-04-04 13:30:08.772454','25','admin@01/04/2019--09:00','',8,1,3);
INSERT INTO django_admin_log VALUES(41,'2019-04-04 13:30:08.861379','24','admin@01/04/2019--09:00','',8,1,3);
INSERT INTO django_admin_log VALUES(42,'2019-04-04 13:30:09.072493','23','admin@01/04/2019--09:00','',8,1,3);
INSERT INTO django_admin_log VALUES(43,'2019-04-04 13:30:09.161689','22','admin@01/04/2019--09:00','',8,1,3);
INSERT INTO django_admin_log VALUES(44,'2019-04-04 13:30:09.250558','21','admin@01/04/2019--09:00','',8,1,3);
INSERT INTO django_admin_log VALUES(45,'2019-04-04 13:30:09.372777','20','admin@01/04/2019--09:00','',8,1,3);
INSERT INTO django_admin_log VALUES(46,'2019-04-04 13:30:09.495051','19','admin@01/04/2019--09:00','',8,1,3);
INSERT INTO django_admin_log VALUES(47,'2019-04-04 13:30:09.617285','18','admin@01/04/2019--09:00','',8,1,3);
INSERT INTO django_admin_log VALUES(48,'2019-04-04 13:30:09.750390','17','admin@01/04/2019--09:00','',8,1,3);
INSERT INTO django_admin_log VALUES(49,'2019-04-04 13:30:09.896098','16','admin@01/04/2019--09:00','',8,1,3);
INSERT INTO django_admin_log VALUES(50,'2019-04-04 13:30:10.005976','15','admin@01/04/2019--09:00','',8,1,3);
INSERT INTO django_admin_log VALUES(51,'2019-04-04 13:30:10.094916','14','admin@01/04/2019--09:00','',8,1,3);
INSERT INTO django_admin_log VALUES(52,'2019-04-04 13:30:10.183778','13','admin@01/04/2019--09:00','',8,1,3);
INSERT INTO django_admin_log VALUES(53,'2019-04-04 13:30:10.272688','12','admin@01/04/2019--09:00','',8,1,3);
INSERT INTO django_admin_log VALUES(54,'2019-04-04 13:30:10.384019','11','admin@01/04/2019--09:00','',8,1,3);
INSERT INTO django_admin_log VALUES(55,'2019-04-04 13:30:10.472799','10','admin@01/04/2019--09:00','',8,1,3);
INSERT INTO django_admin_log VALUES(56,'2019-04-04 13:30:10.572734','9','admin@01/04/2019--09:00','',8,1,3);
INSERT INTO django_admin_log VALUES(57,'2019-04-04 13:30:10.672795','8','admin@01/04/2019--09:00','',8,1,3);
INSERT INTO django_admin_log VALUES(58,'2019-04-04 13:30:10.806112','7','admin@01/04/2019--09:00','',8,1,3);
INSERT INTO django_admin_log VALUES(59,'2019-04-04 13:30:10.906441','6','admin@01/04/2019--09:00','',8,1,3);
INSERT INTO django_admin_log VALUES(60,'2019-04-04 13:30:11.143236','5','admin@01/04/2019--09:00','',8,1,3);
INSERT INTO django_admin_log VALUES(61,'2019-04-04 13:30:11.250688','4','admin@01/04/2019--09:00','',8,1,3);
INSERT INTO django_admin_log VALUES(62,'2019-04-04 13:38:53.792678','33','admin@01/04/2019--08:00','',8,1,3);
INSERT INTO django_admin_log VALUES(63,'2019-04-04 13:38:54.321295','32','admin@01/04/2019--08:00','',8,1,3);
INSERT INTO django_admin_log VALUES(64,'2019-04-04 14:04:34.801997','5','teacher4','[{changed: {fields: [is_staff]}}]',2,1,2);
INSERT INTO django_admin_log VALUES(65,'2019-04-05 07:58:56.693192','35','admin@07/04/2019--09:01','',8,1,3);
INSERT INTO django_admin_log VALUES(66,'2019-04-05 07:58:56.795952','34','admin@01/04/2019--07:00','',8,1,3);
INSERT INTO django_admin_log VALUES(67,'2019-04-05 08:16:38.275441','5','admin--teacher4','',12,1,3);
INSERT INTO django_admin_log VALUES(68,'2019-04-05 08:16:38.376799','4','admin--teacher3','',12,1,3);
INSERT INTO django_admin_log VALUES(69,'2019-04-05 08:16:51.110736','37','admin@01/04/2019--09:00','',8,1,3);
INSERT INTO django_admin_log VALUES(70,'2019-04-05 08:16:51.207147','36','admin@07/04/2019--09:01','',8,1,3);
INSERT INTO django_admin_log VALUES(71,'2019-04-05 08:28:49.778955','38','admin@01/04/2019--09:00','[{changed: {fields: [leave_note, approved_status]}}]',8,1,2);
INSERT INTO django_admin_log VALUES(72,'2019-04-05 08:29:24.958549','38','admin@01/04/2019--09:00','',8,1,3);
INSERT INTO django_admin_log VALUES(73,'2019-04-07 07:36:56.521728','39','admin@01/04/2019--09:00','',8,1,3);
INSERT INTO django_admin_log VALUES(74,'2019-04-07 09:06:11.782388','40','admin@01/04/2019--09:00','',8,1,3);
INSERT INTO django_admin_log VALUES(75,'2019-04-07 15:22:50.966778','43','teacher1@01/04/2019--09:00','',8,1,3);
INSERT INTO django_admin_log VALUES(76,'2019-04-08 06:16:15.808494','44','teacher1@01/04/2019--09:00','',8,1,3);
INSERT INTO django_admin_log VALUES(77,'2019-04-08 06:48:50.206470','47','teacher2@14/04/2019--07:00','',8,1,3);
INSERT INTO django_admin_log VALUES(78,'2019-04-08 06:48:50.303679','46','teacher3@07/04/2019--10:30','',8,1,3);
INSERT INTO django_admin_log VALUES(79,'2019-04-08 06:48:50.429047','45','admin@01/04/2019--07:00','',8,1,3);
INSERT INTO django_admin_log VALUES(80,'2019-04-08 08:20:17.141724','50','admin@01/04/2019--09:00','',8,1,3);
INSERT INTO django_admin_log VALUES(81,'2019-04-08 08:20:17.237112','49','teacher1@07/04/2019--09:00','',8,1,3);
INSERT INTO django_admin_log VALUES(82,'2019-04-08 08:45:03.600985','60','teacher1@14/04/2019--09:00','',8,1,3);
INSERT INTO django_admin_log VALUES(83,'2019-06-03 05:12:27.966313','4','10:30 - 01:15','[{added: {}}]',7,1,1);
INSERT INTO django_admin_log VALUES(84,'2019-06-03 05:13:01.173253','5','01:15 - 05:15','[{added: {}}]',7,1,1);
INSERT INTO django_admin_log VALUES(85,'2019-06-03 05:13:46.130093','6','01:15 - 02:15','[{added: {}}]',7,1,1);
INSERT INTO django_admin_log VALUES(86,'2019-06-03 05:13:54.114033','7','02:15 - 03:15','[{added: {}}]',7,1,1);
INSERT INTO django_admin_log VALUES(87,'2019-06-03 05:14:03.585161','8','01:15 - 03:15','[{added: {}}]',7,1,1);
INSERT INTO django_admin_log VALUES(88,'2019-06-03 05:14:13.200252','9','03:15 - 04:15','[{added: {}}]',7,1,1);
INSERT INTO django_admin_log VALUES(89,'2019-06-03 05:14:21.529190','10','04:15 - 05:15','[{added: {}}]',7,1,1);
INSERT INTO django_admin_log VALUES(90,'2019-06-03 05:14:36.871942','11','03:15 - 05:15','[{added: {}}]',7,1,1);
INSERT INTO django_admin_log VALUES(91,'2019-06-03 07:17:39.558557','4','10:30 - 13:15','[{changed: {fields: [end_time]}}]',7,1,2);
INSERT INTO django_admin_log VALUES(92,'2019-06-03 07:18:00.693553','5','13:15 - 17:15','[{changed: {fields: [start_time, end_time]}}]',7,1,2);
INSERT INTO django_admin_log VALUES(93,'2019-06-03 07:18:14.252921','11','15:15 - 17:15','[{changed: {fields: [start_time, end_time]}}]',7,1,2);
INSERT INTO django_admin_log VALUES(94,'2019-06-03 07:18:27.741490','10','16:15 - 17:15','[{changed: {fields: [start_time, end_time]}}]',7,1,2);
INSERT INTO django_admin_log VALUES(95,'2019-06-03 07:18:42.548735','9','15:15 - 16:15','[{changed: {fields: [start_time, end_time]}}]',7,1,2);
INSERT INTO django_admin_log VALUES(96,'2019-06-03 07:18:54.564443','8','13:15 - 15:15','[{changed: {fields: [start_time, end_time]}}]',7,1,2);
INSERT INTO django_admin_log VALUES(97,'2019-06-03 07:19:04.516297','7','14:15 - 15:15','[{changed: {fields: [start_time, end_time]}}]',7,1,2);
INSERT INTO django_admin_log VALUES(98,'2019-06-03 07:19:16.356077','6','13:15 - 14:15','[{changed: {fields: [start_time, end_time]}}]',7,1,2);
INSERT INTO django_admin_log VALUES(99,'2019-06-03 07:20:57.252297','12','10:30 - 17:15','[{added: {}}]',7,1,1);
INSERT INTO django_admin_log VALUES(100,'2019-06-03 18:42:09.294493','1','A','[{added: {}}]',14,1,1);
INSERT INTO django_admin_log VALUES(101,'2019-06-03 18:42:09.869502','2','A','[{added: {}}]',14,1,1);
INSERT INTO django_admin_log VALUES(102,'2019-06-03 18:42:26.183808','2','A','',14,1,3);
INSERT INTO django_admin_log VALUES(103,'2019-06-03 18:42:41.956603','3','B','[{added: {}}]',14,1,1);
INSERT INTO django_admin_log VALUES(104,'2019-06-03 18:43:13.572476','1','FY','[{added: {}}]',13,1,1);
INSERT INTO django_admin_log VALUES(105,'2019-06-03 18:43:27.859623','2','TY','[{added: {}}]',13,1,1);
INSERT INTO django_admin_log VALUES(106,'2019-06-03 18:43:34.037387','3','LY','[{added: {}}]',13,1,1);
INSERT INTO django_admin_log VALUES(107,'2019-06-03 18:43:43.643798','1','SY','[{changed: {fields: [year]}}]',13,1,2);
INSERT INTO django_admin_log VALUES(108,'2019-06-03 18:44:08.057852','5','WP','[{changed: {fields: [year]}}]',10,1,2);
INSERT INTO django_admin_log VALUES(109,'2019-06-03 18:44:23.827935','4','DCN','[{changed: {fields: [year]}}]',10,1,2);
INSERT INTO django_admin_log VALUES(110,'2019-06-03 18:44:35.547069','3','AOA','[{changed: {fields: [year]}}]',10,1,2);
INSERT INTO django_admin_log VALUES(111,'2019-06-03 18:44:48.018306','2','COA','[{changed: {fields: [year]}}]',10,1,2);
INSERT INTO django_admin_log VALUES(112,'2019-06-03 18:45:00.991542','1','M4','[{changed: {fields: [year]}}]',10,1,2);
INSERT INTO django_admin_log VALUES(113,'2019-06-06 16:52:24.212667','5','WP','[]',10,1,2);
INSERT INTO django_admin_log VALUES(114,'2019-06-06 16:52:37.513522','4','DCN','[{changed: {fields: [teaching_faculty]}}]',10,1,2);
INSERT INTO django_admin_log VALUES(115,'2019-06-06 16:52:53.939043','3','AOA','[{changed: {fields: [teaching_faculty]}}]',10,1,2);
INSERT INTO django_admin_log VALUES(116,'2019-06-06 16:53:12.816363','2','COA','[{changed: {fields: [teaching_faculty]}}]',10,1,2);
INSERT INTO django_admin_log VALUES(117,'2019-06-06 16:53:31.167838','1','M4','[{changed: {fields: [teaching_faculty]}}]',10,1,2);
INSERT INTO django_admin_log VALUES(118,'2019-06-06 17:20:31.366496','1','M4','[{changed: {fields: [lec_div]}}]',11,1,2);
INSERT INTO django_admin_log VALUES(119,'2019-06-06 17:20:46.738426','2','COA','[{changed: {fields: [lec_div]}}]',11,1,2);
INSERT INTO django_admin_log VALUES(120,'2019-06-06 17:21:04.544979','3','AOA','[{changed: {fields: [lec_div]}}]',11,1,2);
INSERT INTO django_admin_log VALUES(121,'2019-06-06 17:21:20.619841','4','WP','[{changed: {fields: [lec_div]}}]',11,1,2);
INSERT INTO django_admin_log VALUES(122,'2019-06-06 17:21:38.458809','5','AOA','[{changed: {fields: [lec_div]}}]',11,1,2);
INSERT INTO django_admin_log VALUES(123,'2019-06-06 17:21:57.033573','6','DCN','[{changed: {fields: [lec_div]}}]',11,1,2);
INSERT INTO django_admin_log VALUES(124,'2019-06-06 17:23:34.060432','7','DCN','[{added: {}}]',11,1,1);
INSERT INTO django_admin_log VALUES(125,'2019-06-06 17:24:12.287150','7','DCN','',11,1,3);
INSERT INTO django_admin_log VALUES(126,'2019-06-06 18:00:12.691847','8','M4','',11,1,3);
INSERT INTO django_admin_log VALUES(127,'2019-06-06 19:06:35.396992','9','M4','',11,1,3);
INSERT INTO django_admin_log VALUES(128,'2019-06-06 19:11:08.234020','11','COA','',11,1,3);
INSERT INTO django_admin_log VALUES(129,'2019-06-07 06:53:42.615010','1','SY - A - A1','[{added: {}}]',16,1,1);
INSERT INTO django_admin_log VALUES(130,'2019-06-07 06:53:50.382533','2','SY - A - A2','[{added: {}}]',16,1,1);
INSERT INTO django_admin_log VALUES(131,'2019-06-07 06:53:51.773393','2','SY - A - A2','[]',16,1,2);
INSERT INTO django_admin_log VALUES(132,'2019-06-07 06:54:01.161396','3','SY - A - A3','[{added: {}}]',16,1,1);
INSERT INTO django_admin_log VALUES(133,'2019-06-07 06:54:10.669468','4','SY - A - A4','[{added: {}}]',16,1,1);
INSERT INTO django_admin_log VALUES(134,'2019-06-07 06:54:22.930109','5','SY - B - B1','[{added: {}}]',16,1,1);
INSERT INTO django_admin_log VALUES(135,'2019-06-07 06:54:28.924203','6','SY - B - B2','[{added: {}}]',16,1,1);
INSERT INTO django_admin_log VALUES(136,'2019-06-07 06:54:36.284473','7','SY - B - B3','[{added: {}}]',16,1,1);
INSERT INTO django_admin_log VALUES(137,'2019-06-07 06:54:45.667119','8','SY - B - B4','[{added: {}}]',16,1,1);
INSERT INTO django_admin_log VALUES(138,'2019-06-07 06:54:51.181909','9','TY - A - A1','[{added: {}}]',16,1,1);
INSERT INTO django_admin_log VALUES(139,'2019-06-07 06:54:56.139321','10','TY - A - A2','[{added: {}}]',16,1,1);
INSERT INTO django_admin_log VALUES(140,'2019-06-07 06:55:01.206702','11','TY - A - A3','[{added: {}}]',16,1,1);
INSERT INTO django_admin_log VALUES(141,'2019-06-07 06:55:06.338063','12','TY - A - A4','[{added: {}}]',16,1,1);
INSERT INTO django_admin_log VALUES(142,'2019-06-07 06:55:11.676092','13','TY - B - B1','[{added: {}}]',16,1,1);
INSERT INTO django_admin_log VALUES(143,'2019-06-07 06:55:17.066174','14','TY - B - B2','[{added: {}}]',16,1,1);
INSERT INTO django_admin_log VALUES(144,'2019-06-07 06:56:05.730969','15','TY - B - B3','[{added: {}}]',16,1,1);
INSERT INTO django_admin_log VALUES(145,'2019-06-07 06:56:19.924823','16','TY - B - B4','[{added: {}}]',16,1,1);
INSERT INTO django_admin_log VALUES(146,'2019-06-07 06:56:28.879903','17','LY - A - A1','[{added: {}}]',16,1,1);
INSERT INTO django_admin_log VALUES(147,'2019-06-07 06:56:35.862296','18','LY - A - A2','[{added: {}}]',16,1,1);
INSERT INTO django_admin_log VALUES(148,'2019-06-07 06:56:41.403335','19','LY - A - A3','[{added: {}}]',16,1,1);
INSERT INTO django_admin_log VALUES(149,'2019-06-07 06:56:47.226593','20','LY - A - A4','[{added: {}}]',16,1,1);
INSERT INTO django_admin_log VALUES(150,'2019-06-07 06:56:57.235938','21','LY - B - B1','[{added: {}}]',16,1,1);
INSERT INTO django_admin_log VALUES(151,'2019-06-07 06:57:02.683544','22','LY - B - B2','[{added: {}}]',16,1,1);
INSERT INTO django_admin_log VALUES(152,'2019-06-07 06:57:12.519936','23','LY - B - B3','[{added: {}}]',16,1,1);
INSERT INTO django_admin_log VALUES(153,'2019-06-07 06:57:19.679750','24','LY - B - B4','[{added: {}}]',16,1,1);
INSERT INTO django_admin_log VALUES(154,'2019-06-07 06:58:11.245277','1','B301','[{added: {}}]',15,1,1);
INSERT INTO django_admin_log VALUES(155,'2019-06-07 06:58:15.861030','2','B302','[{added: {}}]',15,1,1);
INSERT INTO django_admin_log VALUES(156,'2019-06-07 06:58:20.502699','3','B303','[{added: {}}]',15,1,1);
INSERT INTO django_admin_log VALUES(157,'2019-06-07 06:58:24.836264','4','B304','[{added: {}}]',15,1,1);
INSERT INTO django_admin_log VALUES(158,'2019-06-07 06:58:28.921107','5','B305','[{added: {}}]',15,1,1);
INSERT INTO django_admin_log VALUES(159,'2019-06-07 06:58:32.838135','6','B306','[{added: {}}]',15,1,1);
INSERT INTO django_admin_log VALUES(160,'2019-06-07 06:58:37.019235','7','B307','[{added: {}}]',15,1,1);
INSERT INTO django_admin_log VALUES(161,'2019-06-07 06:58:40.674768','8','B308','[{added: {}}]',15,1,1);
INSERT INTO django_admin_log VALUES(162,'2019-06-07 06:58:46.693372','9','B309','[{added: {}}]',15,1,1);
INSERT INTO django_admin_log VALUES(163,'2019-06-07 06:58:55.875973','10','B310','[{added: {}}]',15,1,1);
INSERT INTO django_admin_log VALUES(164,'2019-06-07 06:59:00.021643','11','B311','[{added: {}}]',15,1,1);
INSERT INTO django_admin_log VALUES(165,'2019-06-07 06:59:06.613217','12','B312','[{added: {}}]',15,1,1);
INSERT INTO django_admin_log VALUES(166,'2019-06-07 06:59:10.782368','13','B313','[{added: {}}]',15,1,1);
INSERT INTO django_admin_log VALUES(167,'2019-06-07 06:59:22.046338','14','B314','[{added: {}}]',15,1,1);
INSERT INTO django_admin_log VALUES(168,'2019-06-07 06:59:26.893189','15','B315','[{added: {}}]',15,1,1);
INSERT INTO django_admin_log VALUES(169,'2019-06-07 06:59:30.526776','16','B316','[{added: {}}]',15,1,1);
INSERT INTO django_admin_log VALUES(170,'2019-06-07 06:59:36.617882','17','B317','[{added: {}}]',15,1,1);
INSERT INTO django_admin_log VALUES(171,'2019-06-07 07:03:28.609165','13','COA','',11,1,3);
INSERT INTO django_admin_log VALUES(172,'2019-06-07 07:03:59.280830','12','COA','',11,1,3);
INSERT INTO django_admin_log VALUES(173,'2019-06-07 07:05:47.846600','4','WP','[{changed: {fields: [lec_time, lec_in]}}]',11,1,2);
INSERT INTO django_admin_log VALUES(174,'2019-06-07 07:06:29.307869','4','WP','[{changed: {fields: [lec_time, lec_in]}}]',11,1,2);
INSERT INTO django_admin_log VALUES(175,'2019-06-07 07:12:47.545657','10','M4','[{changed: {fields: [lec_in]}}]',11,1,2);
INSERT INTO django_admin_log VALUES(176,'2019-06-07 07:13:01.220816','6','DCN','[{changed: {fields: [lec_in]}}]',11,1,2);
INSERT INTO django_admin_log VALUES(177,'2019-06-07 07:21:31.745991','14','AOA','[{added: {}}]',11,1,1);
INSERT INTO django_admin_log VALUES(178,'2019-06-07 07:28:16.059190','3','AOA','',11,1,3);
INSERT INTO django_admin_log VALUES(179,'2019-06-07 07:28:25.560341','5','AOA','[{changed: {fields: [lec_day, lec_in]}}]',11,1,2);
INSERT INTO django_admin_log VALUES(180,'2019-06-08 07:51:52.953459','17','COA','',11,1,3);
INSERT INTO django_admin_log VALUES(181,'2019-06-08 07:52:14.384839','15','AOA','',11,1,3);
INSERT INTO django_admin_log VALUES(182,'2019-06-08 07:55:44.006276','18','WP','[{added: {}}]',11,1,1);
INSERT INTO django_admin_log VALUES(183,'2019-06-08 07:58:22.249320','19','WP','',11,1,3);
INSERT INTO django_admin_log VALUES(184,'2019-06-08 07:59:30.087645','20','WP','',11,1,3);
INSERT INTO django_admin_log VALUES(185,'2019-06-08 08:02:42.138707','21','WP','',11,1,3);
INSERT INTO django_admin_log VALUES(186,'2019-06-08 08:08:01.663045','22','WP','',11,1,3);
INSERT INTO django_admin_log VALUES(187,'2019-06-08 08:14:19.974155','27','COA','',11,1,3);
INSERT INTO django_admin_log VALUES(188,'2019-06-08 08:32:21.626467','28','COA','[{added: {}}]',11,1,1);
INSERT INTO django_admin_log VALUES(189,'2019-06-08 08:55:00.472613','28','COA','',11,1,3);
INSERT INTO django_admin_log VALUES(190,'2019-06-08 11:07:47.034651','26','WP','',11,1,3);
INSERT INTO django_admin_log VALUES(191,'2019-06-08 11:07:47.192154','25','WP','',11,1,3);
INSERT INTO django_admin_log VALUES(192,'2019-06-08 11:07:47.269655','24','WP','',11,1,3);
INSERT INTO django_admin_log VALUES(193,'2019-06-08 11:07:47.357156','23','WP','',11,1,3);
INSERT INTO django_admin_log VALUES(194,'2019-06-08 11:07:47.434658','18','WP','',11,1,3);
INSERT INTO django_admin_log VALUES(195,'2019-06-08 11:07:47.512159','16','M4','',11,1,3);
INSERT INTO django_admin_log VALUES(196,'2019-06-08 11:08:38.833117','27','WP','[{added: {}}]',11,1,1);
INSERT INTO django_admin_log VALUES(197,'2019-06-08 11:09:14.960503','28','M4','[{added: {}}]',11,1,1);
INSERT INTO django_admin_log VALUES(198,'2019-06-08 11:11:59.920007','28','M4','',11,1,3);
INSERT INTO django_admin_log VALUES(199,'2019-06-08 11:12:29.782477','29','M4','[{added: {}}]',11,1,1);
INSERT INTO django_admin_log VALUES(200,'2019-06-08 11:13:06.535579','29','M4','',11,1,3);
INSERT INTO django_admin_log VALUES(201,'2019-06-11 07:04:53.417329','1','M4','[{added: {}}]',17,1,1);
INSERT INTO django_admin_log VALUES(202,'2019-06-12 13:26:10.542537','1','M4','[{changed: {fields: [year, division]}}]',17,1,2);
INSERT INTO django_admin_log VALUES(203,'2019-06-13 15:54:22.572781','5','M4','[{changed: {fields: [lec_in]}}]',17,1,2);
INSERT INTO django_admin_log VALUES(204,'2019-06-13 15:54:36.338913','2','COA','[{changed: {fields: [lec_in]}}]',17,1,2);
INSERT INTO django_admin_log VALUES(205,'2019-06-13 15:54:53.618379','3','M4','[{changed: {fields: [lec_in]}}]',17,1,2);
INSERT INTO django_admin_log VALUES(206,'2019-06-13 15:55:20.631598','4','M4','[{changed: {fields: [lec_in]}}]',17,1,2);
INSERT INTO django_admin_log VALUES(207,'2019-06-13 15:55:37.609611','5','M4','[]',17,1,2);
INSERT INTO django_admin_log VALUES(208,'2019-06-13 15:55:59.023645','1','M4','[{changed: {fields: [lec_in]}}]',17,1,2);
INSERT INTO django_admin_log VALUES(209,'2019-06-13 18:02:45.193451','6','COA','[{added: {}}]',17,1,1);
INSERT INTO django_admin_log VALUES(210,'2019-06-23 04:45:37.826510','1','STTP--Reflecto','[{added: {}}]',20,1,1);
INSERT INTO django_admin_log VALUES(211,'2019-06-23 04:46:23.188628','1','STTP--Reflecto','',20,1,3);
INSERT INTO django_admin_log VALUES(212,'2019-06-23 04:49:39.469104','2','STTP--Reflecto','[{added: {}}]',20,1,1);
INSERT INTO django_admin_log VALUES(213,'2019-06-23 05:37:43.255035','3','STTP--Reflecto','',20,1,3);
INSERT INTO django_admin_log VALUES(214,'2019-06-23 05:37:43.353040','2','STTP--Reflecto','',20,1,3);
INSERT INTO django_admin_log VALUES(215,'2019-06-23 05:40:35.132788','4','STTP--Reflecto','',20,1,3);
INSERT INTO django_admin_log VALUES(216,'2019-06-23 05:43:29.544076','5','STTP--Reflecto','',20,1,3);
INSERT INTO django_admin_log VALUES(217,'2019-06-23 05:56:18.179157','7','STTP--Reflecto','',20,1,3);
INSERT INTO django_admin_log VALUES(218,'2019-06-23 05:56:18.373168','6','STTP--Reflecto','',20,1,3);
INSERT INTO django_admin_log VALUES(219,'2019-06-23 07:24:17.166559','12','STTP--Reflecto','',20,1,3);
INSERT INTO django_admin_log VALUES(220,'2019-06-23 07:24:17.346569','11','STTP--Reflecto','',20,1,3);
INSERT INTO django_admin_log VALUES(221,'2019-06-23 07:24:17.438575','10','STTP--Reflecto','',20,1,3);
INSERT INTO django_admin_log VALUES(222,'2019-06-23 07:24:17.584583','9','STTP--Reflecto','',20,1,3);
INSERT INTO django_admin_log VALUES(223,'2019-06-23 07:24:17.683589','8','STTP--Reflecto','',20,1,3);
INSERT INTO django_admin_log VALUES(224,'2019-06-30 13:01:59.320934','1','admin','[{changed: {fields: [email]}}]',2,1,2);
INSERT INTO django_admin_log VALUES(225,'2019-06-30 13:02:18.537191','2','teacher1','[{changed: {fields: [email]}}]',2,1,2);
INSERT INTO django_admin_log VALUES(226,'2019-06-30 13:02:38.633994','3','teacher2','[{changed: {fields: [email]}}]',2,1,2);
INSERT INTO django_admin_log VALUES(227,'2019-06-30 13:02:57.857127','4','teacher3','[{changed: {fields: [email]}}]',2,1,2);
INSERT INTO django_admin_log VALUES(228,'2019-06-30 13:03:14.748429','5','teacher4','[{changed: {fields: [email]}}]',2,1,2);
CREATE TABLE IF NOT EXISTS django_content_type (id integer NOT NULL PRIMARY KEY AUTO_INCREMENT, app_label varchar(100) NOT NULL, model varchar(100) NOT NULL);
INSERT INTO django_content_type VALUES(1,'admin','logentry');
INSERT INTO django_content_type VALUES(2,'auth','user');
INSERT INTO django_content_type VALUES(3,'auth','permission');
INSERT INTO django_content_type VALUES(4,'auth','group');
INSERT INTO django_content_type VALUES(5,'contenttypes','contenttype');
INSERT INTO django_content_type VALUES(6,'sessions','session');
INSERT INTO django_content_type VALUES(7,'faculty','timeslot');
INSERT INTO django_content_type VALUES(8,'faculty','leave');
INSERT INTO django_content_type VALUES(9,'faculty','daysofweek');
INSERT INTO django_content_type VALUES(10,'faculty','subject');
INSERT INTO django_content_type VALUES(11,'faculty','lecture');
INSERT INTO django_content_type VALUES(12,'faculty','loadshift');
INSERT INTO django_content_type VALUES(13,'faculty','year');
INSERT INTO django_content_type VALUES(14,'faculty','division');
INSERT INTO django_content_type VALUES(15,'faculty','room');
INSERT INTO django_content_type VALUES(16,'faculty','batch');
INSERT INTO django_content_type VALUES(17,'faculty','makeuplecture');
INSERT INTO django_content_type VALUES(18,'faculty','ia');
INSERT INTO django_content_type VALUES(19,'faculty','guestlecture');
INSERT INTO django_content_type VALUES(20,'faculty','od');
INSERT INTO django_content_type VALUES(21,'mailer','dontsendentry');
INSERT INTO django_content_type VALUES(22,'mailer','message');
INSERT INTO django_content_type VALUES(23,'mailer','messagelog');
INSERT INTO django_content_type VALUES(24,'jet','bookmark');
INSERT INTO django_content_type VALUES(25,'jet','pinnedapplication');
INSERT INTO django_content_type VALUES(26,'dashboard','userdashboardmodule');
CREATE TABLE IF NOT EXISTS  auth_permission  (id integer NOT NULL PRIMARY KEY AUTO_INCREMENT, content_type_id integer NOT NULL REFERENCES django_content_type (id), codename varchar(100) NOT NULL, name varchar(255) NOT NULL);
INSERT INTO auth_permission VALUES(1,1,'add_logentry','Can add log entry');
INSERT INTO auth_permission VALUES(2,1,'change_logentry','Can change log entry');
INSERT INTO auth_permission VALUES(3,1,'delete_logentry','Can delete log entry');
INSERT INTO auth_permission VALUES(4,1,'view_logentry','Can view log entry');
INSERT INTO auth_permission VALUES(5,2,'add_user','Can add user');
INSERT INTO auth_permission VALUES(6,2,'change_user','Can change user');
INSERT INTO auth_permission VALUES(7,2,'delete_user','Can delete user');
INSERT INTO auth_permission VALUES(8,2,'view_user','Can view user');
INSERT INTO auth_permission VALUES(9,3,'add_permission','Can add permission');
INSERT INTO auth_permission VALUES(10,3,'change_permission','Can change permission');
INSERT INTO auth_permission VALUES(11,3,'delete_permission','Can delete permission');
INSERT INTO auth_permission VALUES(12,3,'view_permission','Can view permission');
INSERT INTO auth_permission VALUES(13,4,'add_group','Can add group');
INSERT INTO auth_permission VALUES(14,4,'change_group','Can change group');
INSERT INTO auth_permission VALUES(15,4,'delete_group','Can delete group');
INSERT INTO auth_permission VALUES(16,4,'view_group','Can view group');
INSERT INTO auth_permission VALUES(17,5,'add_contenttype','Can add content type');
INSERT INTO auth_permission VALUES(18,5,'change_contenttype','Can change content type');
INSERT INTO auth_permission VALUES(19,5,'delete_contenttype','Can delete content type');
INSERT INTO auth_permission VALUES(20,5,'view_contenttype','Can view content type');
INSERT INTO auth_permission VALUES(21,6,'add_session','Can add session');
INSERT INTO auth_permission VALUES(22,6,'change_session','Can change session');
INSERT INTO auth_permission VALUES(23,6,'delete_session','Can delete session');
INSERT INTO auth_permission VALUES(24,6,'view_session','Can view session');
INSERT INTO auth_permission VALUES(25,7,'add_timeslot','Can add time slot');
INSERT INTO auth_permission VALUES(26,7,'change_timeslot','Can change time slot');
INSERT INTO auth_permission VALUES(27,7,'delete_timeslot','Can delete time slot');
INSERT INTO auth_permission VALUES(28,7,'view_timeslot','Can view time slot');
INSERT INTO auth_permission VALUES(29,8,'add_leave','Can add leave');
INSERT INTO auth_permission VALUES(30,8,'change_leave','Can change leave');
INSERT INTO auth_permission VALUES(31,8,'delete_leave','Can delete leave');
INSERT INTO auth_permission VALUES(32,8,'view_leave','Can view leave');
INSERT INTO auth_permission VALUES(33,9,'add_daysofweek','Can add days of week');
INSERT INTO auth_permission VALUES(34,9,'change_daysofweek','Can change days of week');
INSERT INTO auth_permission VALUES(35,9,'delete_daysofweek','Can delete days of week');
INSERT INTO auth_permission VALUES(36,9,'view_daysofweek','Can view days of week');
INSERT INTO auth_permission VALUES(37,10,'add_subject','Can add subject');
INSERT INTO auth_permission VALUES(38,10,'change_subject','Can change subject');
INSERT INTO auth_permission VALUES(39,10,'delete_subject','Can delete subject');
INSERT INTO auth_permission VALUES(40,10,'view_subject','Can view subject');
INSERT INTO auth_permission VALUES(41,11,'add_lecture','Can add lecture');
INSERT INTO auth_permission VALUES(42,11,'change_lecture','Can change lecture');
INSERT INTO auth_permission VALUES(43,11,'delete_lecture','Can delete lecture');
INSERT INTO auth_permission VALUES(44,11,'view_lecture','Can view lecture');
INSERT INTO auth_permission VALUES(45,12,'add_loadshift','Can add load shift');
INSERT INTO auth_permission VALUES(46,12,'change_loadshift','Can change load shift');
INSERT INTO auth_permission VALUES(47,12,'delete_loadshift','Can delete load shift');
INSERT INTO auth_permission VALUES(48,12,'view_loadshift','Can view load shift');
INSERT INTO auth_permission VALUES(49,13,'add_year','Can add year');
INSERT INTO auth_permission VALUES(50,13,'change_year','Can change year');
INSERT INTO auth_permission VALUES(51,13,'delete_year','Can delete year');
INSERT INTO auth_permission VALUES(52,13,'view_year','Can view year');
INSERT INTO auth_permission VALUES(53,14,'add_division','Can add division');
INSERT INTO auth_permission VALUES(54,14,'change_division','Can change division');
INSERT INTO auth_permission VALUES(55,14,'delete_division','Can delete division');
INSERT INTO auth_permission VALUES(56,14,'view_division','Can view division');
INSERT INTO auth_permission VALUES(57,15,'add_room','Can add room');
INSERT INTO auth_permission VALUES(58,15,'change_room','Can change room');
INSERT INTO auth_permission VALUES(59,15,'delete_room','Can delete room');
INSERT INTO auth_permission VALUES(60,15,'view_room','Can view room');
INSERT INTO auth_permission VALUES(61,16,'add_batch','Can add batch');
INSERT INTO auth_permission VALUES(62,16,'change_batch','Can change batch');
INSERT INTO auth_permission VALUES(63,16,'delete_batch','Can delete batch');
INSERT INTO auth_permission VALUES(64,16,'view_batch','Can view batch');
INSERT INTO auth_permission VALUES(65,17,'add_makeuplecture','Can add makeup lecture');
INSERT INTO auth_permission VALUES(66,17,'change_makeuplecture','Can change makeup lecture');
INSERT INTO auth_permission VALUES(67,17,'delete_makeuplecture','Can delete makeup lecture');
INSERT INTO auth_permission VALUES(68,17,'view_makeuplecture','Can view makeup lecture');
INSERT INTO auth_permission VALUES(69,18,'add_ia','Can add ia');
INSERT INTO auth_permission VALUES(70,18,'change_ia','Can change ia');
INSERT INTO auth_permission VALUES(71,18,'delete_ia','Can delete ia');
INSERT INTO auth_permission VALUES(72,18,'view_ia','Can view ia');
INSERT INTO auth_permission VALUES(73,19,'add_guestlecture','Can add guest lecture');
INSERT INTO auth_permission VALUES(74,19,'change_guestlecture','Can change guest lecture');
INSERT INTO auth_permission VALUES(75,19,'delete_guestlecture','Can delete guest lecture');
INSERT INTO auth_permission VALUES(76,19,'view_guestlecture','Can view guest lecture');
INSERT INTO auth_permission VALUES(77,20,'add_od','Can add od');
INSERT INTO auth_permission VALUES(78,20,'change_od','Can change od');
INSERT INTO auth_permission VALUES(79,20,'delete_od','Can delete od');
INSERT INTO auth_permission VALUES(80,20,'view_od','Can view od');
INSERT INTO auth_permission VALUES(81,21,'add_dontsendentry','Can add don''t send entry');
INSERT INTO auth_permission VALUES(82,21,'change_dontsendentry','Can change don''t send entry');
INSERT INTO auth_permission VALUES(83,21,'delete_dontsendentry','Can delete don''t send entry');
INSERT INTO auth_permission VALUES(84,21,'view_dontsendentry','Can view don''t send entry');
INSERT INTO auth_permission VALUES(85,22,'add_message','Can add message');
INSERT INTO auth_permission VALUES(86,22,'change_message','Can change message');
INSERT INTO auth_permission VALUES(87,22,'delete_message','Can delete message');
INSERT INTO auth_permission VALUES(88,22,'view_message','Can view message');
INSERT INTO auth_permission VALUES(89,23,'add_messagelog','Can add message log');
INSERT INTO auth_permission VALUES(90,23,'change_messagelog','Can change message log');
INSERT INTO auth_permission VALUES(91,23,'delete_messagelog','Can delete message log');
INSERT INTO auth_permission VALUES(92,23,'view_messagelog','Can view message log');
INSERT INTO auth_permission VALUES(93,24,'add_bookmark','Can add bookmark');
INSERT INTO auth_permission VALUES(94,24,'change_bookmark','Can change bookmark');
INSERT INTO auth_permission VALUES(95,24,'delete_bookmark','Can delete bookmark');
INSERT INTO auth_permission VALUES(96,24,'view_bookmark','Can view bookmark');
INSERT INTO auth_permission VALUES(97,25,'add_pinnedapplication','Can add pinned application');
INSERT INTO auth_permission VALUES(98,25,'change_pinnedapplication','Can change pinned application');
INSERT INTO auth_permission VALUES(99,25,'delete_pinnedapplication','Can delete pinned application');
INSERT INTO auth_permission VALUES(100,25,'view_pinnedapplication','Can view pinned application');
INSERT INTO auth_permission VALUES(101,26,'add_userdashboardmodule','Can add user dashboard module');
INSERT INTO auth_permission VALUES(102,26,'change_userdashboardmodule','Can change user dashboard module');
INSERT INTO auth_permission VALUES(103,26,'delete_userdashboardmodule','Can delete user dashboard module');
INSERT INTO auth_permission VALUES(104,26,'view_userdashboardmodule','Can view user dashboard module');
CREATE TABLE IF NOT EXISTS auth_user (id integer NOT NULL PRIMARY KEY AUTO_INCREMENT, password varchar(128) NOT NULL, last_login datetime NULL, is_superuser bool NOT NULL, username varchar(150) NOT NULL UNIQUE, first_name varchar(30) NOT NULL, email varchar(254) NOT NULL, is_staff bool NOT NULL, is_active bool NOT NULL, date_joined datetime NOT NULL, last_name varchar(150) NOT NULL);
INSERT INTO auth_user VALUES(1,'pbkdf2_sha256$150000$snsYUeQT9ncw$L74P8uad902ACqGXI8aOgjIml9iJvZd9zTKI+AHPwDw=','2019-07-07 10:09:08.644817',1,'admin','','cms.kjsce@gmail.com',1,1,'2019-04-04 07:51:09','');
INSERT INTO auth_user VALUES(2,'pbkdf2_sha256$150000$1jfKXUCM5XoI$a/kYYoE1Vjl7R7PAkilC6Qgf1L/qzb0u9hobXN8NVfw=','2019-07-04 06:01:28.835814',0,'teacher1','','mandlekar.prashant.harshal@gmail.com',0,1,'2019-04-04 07:58:36','');
INSERT INTO auth_user VALUES(3,'pbkdf2_sha256$150000$hjpDeAYpw2Yh$IZReMZzUI2ycRDm1nDYEf39wi9W+Dk6bYSvZuqbgUYg=','2019-07-02 16:11:11.042296',0,'teacher2','','harshal.pm@somaiya.edu',0,1,'2019-04-04 07:59:51','');
INSERT INTO auth_user VALUES(4,'pbkdf2_sha256$120000$hTg6OEp6gXxl$zE7m/RPCQRfDoiMIh9PH4GS3f6Qg2E/YowlKxJ9b7r0=','2019-04-08 08:23:30',0,'teacher3','','h.mandlekar@somaiya.edu',0,1,'2019-04-04 08:00:11','');
INSERT INTO auth_user VALUES(5,'pbkdf2_sha256$150000$NNCixuY0iDJM$CoMXBapuD5XCzRaJ5t19Rgi/PiiYqQr+n/vVwM91BZc=','2019-07-07 10:09:18.716910',0,'teacher4','','h.mandlekar@icloud.com',1,1,'2019-04-04 09:58:44','');
CREATE TABLE IF NOT EXISTS  django_session  (session_key varchar(40) NOT NULL PRIMARY KEY, session_data text NOT NULL, expire_date datetime NOT NULL);
INSERT INTO django_session VALUES('g6trh4cgb4zi0dzs4esx20uimngcnpoh','NGM5MWFiN2IyNDM0NzNjNDIzNzQxZGEzYmIwNTkyMzllM2ZmMjQ2NDp7Il9hdXRoX3VzZXJfaGFzaCI6ImU2NDU2ZDhhYzRiMWFhOWJhZmEwZGNlNWE0NTJmOWNkOWJmNjNjNDkiLCJfYXV0aF91c2VyX2JhY2tlbmQiOiJkamFuZ28uY29udHJpYi5hdXRoLmJhY2tlbmRzLk1vZGVsQmFja2VuZCIsIl9hdXRoX3VzZXJfaWQiOiI1In0=','2019-04-18 14:04:55.105611');
INSERT INTO django_session VALUES('1jp9ysenvwhe4wfyy5isc3rld0t3585o','YTZkYzdjODcwODgwZjMyOGJlOWVhZjFlODgyODk3MzQ1YjVmYjk0ODp7Il9hdXRoX3VzZXJfaGFzaCI6ImViZGM5MjQzYmU3ZWYyMzNhNGI1YmM1NzE4N2I4NTg2YWYyOGY2M2EiLCJfYXV0aF91c2VyX2lkIjoiMSIsIl9hdXRoX3VzZXJfYmFja2VuZCI6ImRqYW5nby5jb250cmliLmF1dGguYmFja2VuZHMuTW9kZWxCYWNrZW5kIn0=','2019-04-19 05:37:04.754296');
INSERT INTO django_session VALUES('c2duqwgzlb3m30odq3vf1bq5axlssjqb','YTBjMGMxNDdlZWM4ZGM5YWYxYmVjNGJmZDhkMjg0ZTRkZjQwZDNjYjp7Il9hdXRoX3VzZXJfaGFzaCI6ImViZGM5MjQzYmU3ZWYyMzNhNGI1YmM1NzE4N2I4NTg2YWYyOGY2M2EiLCJfYXV0aF91c2VyX2JhY2tlbmQiOiJkamFuZ28uY29udHJpYi5hdXRoLmJhY2tlbmRzLk1vZGVsQmFja2VuZCIsIl9hdXRoX3VzZXJfaWQiOiIxIn0=','2019-04-19 05:54:58.500128');
INSERT INTO django_session VALUES('mq6d6zvqijg9znt5ar1wihlsk959cqcw','ODVmODY2MGI2MGJlZGJlMWJhZWU5ZDE1NmMxY2Y0MWM1YjUzYmNmZDp7Il9hdXRoX3VzZXJfYmFja2VuZCI6ImRqYW5nby5jb250cmliLmF1dGguYmFja2VuZHMuTW9kZWxCYWNrZW5kIiwiX2F1dGhfdXNlcl9pZCI6IjEiLCJfYXV0aF91c2VyX2hhc2giOiJlYmRjOTI0M2JlN2VmMjMzYTRiNWJjNTcxODdiODU4NmFmMjhmNjNhIn0=','2019-04-19 07:03:19.849951');
INSERT INTO django_session VALUES('ktalwk4hg72mmkoi4mm2xsr95upjwoia','YTBjMGMxNDdlZWM4ZGM5YWYxYmVjNGJmZDhkMjg0ZTRkZjQwZDNjYjp7Il9hdXRoX3VzZXJfaGFzaCI6ImViZGM5MjQzYmU3ZWYyMzNhNGI1YmM1NzE4N2I4NTg2YWYyOGY2M2EiLCJfYXV0aF91c2VyX2JhY2tlbmQiOiJkamFuZ28uY29udHJpYi5hdXRoLmJhY2tlbmRzLk1vZGVsQmFja2VuZCIsIl9hdXRoX3VzZXJfaWQiOiIxIn0=','2019-04-19 17:10:22.361439');
INSERT INTO django_session VALUES('q4ibetkbqagac7w68cer9et2pvljeduc','MzA3ZGIyOTNkODhiMzBkZjQ2MWRhNGUxM2M0ODNmYWMyMDExZDUyYTp7Il9hdXRoX3VzZXJfaWQiOiIxIiwiX2F1dGhfdXNlcl9iYWNrZW5kIjoiZGphbmdvLmNvbnRyaWIuYXV0aC5iYWNrZW5kcy5Nb2RlbEJhY2tlbmQiLCJfYXV0aF91c2VyX2hhc2giOiJlYmRjOTI0M2JlN2VmMjMzYTRiNWJjNTcxODdiODU4NmFmMjhmNjNhIn0=','2019-04-21 07:36:42.900249');
INSERT INTO django_session VALUES('4yoenm3y3w0ftbo6448ulmzqbhxjh06i','ZDZkZTIzYzFjZTlkZDlkMDI5N2M2YmNjNmRhMzQxOTdkZDBiZDA4MTp7Il9hdXRoX3VzZXJfYmFja2VuZCI6ImRqYW5nby5jb250cmliLmF1dGguYmFja2VuZHMuTW9kZWxCYWNrZW5kIiwiX2F1dGhfdXNlcl9oYXNoIjoiZWJkYzkyNDNiZTdlZjIzM2E0YjViYzU3MTg3Yjg1ODZhZjI4ZjYzYSIsIl9hdXRoX3VzZXJfaWQiOiIxIn0=','2019-04-22 08:47:12.707631');
INSERT INTO django_session VALUES('5p3hdwbbz02wzva0nzoegennndu07jvh','YjVlZmZkNzM5MmQwZWE1NzE4NDMzODEwYTE2YWZiNDE4ZjM2NzI5Nzp7Il9hdXRoX3VzZXJfaWQiOiIxIiwiX2F1dGhfdXNlcl9iYWNrZW5kIjoiZGphbmdvLmNvbnRyaWIuYXV0aC5iYWNrZW5kcy5Nb2RlbEJhY2tlbmQiLCJfYXV0aF91c2VyX2hhc2giOiJjYjc2ZDMyYzk1YmEyN2U1YmM3ZGIzMzE3Mjk5YjExNDU2YWNmNjVlIn0=','2019-06-17 05:09:57.949336');
INSERT INTO django_session VALUES('dzu6gt9enrcji6v09j5pqain3ycw313t','YjVlZmZkNzM5MmQwZWE1NzE4NDMzODEwYTE2YWZiNDE4ZjM2NzI5Nzp7Il9hdXRoX3VzZXJfaWQiOiIxIiwiX2F1dGhfdXNlcl9iYWNrZW5kIjoiZGphbmdvLmNvbnRyaWIuYXV0aC5iYWNrZW5kcy5Nb2RlbEJhY2tlbmQiLCJfYXV0aF91c2VyX2hhc2giOiJjYjc2ZDMyYzk1YmEyN2U1YmM3ZGIzMzE3Mjk5YjExNDU2YWNmNjVlIn0=','2019-06-22 04:43:38.076383');
INSERT INTO django_session VALUES('ml22w7t678e61vxhjdnfzsau8u7i3nn4','MzNjNDgyYzQ1OGIzMzU2NzdiMjRjYmJmYzJjM2FjOTQzNzk0ZWU0Njp7Il9hdXRoX3VzZXJfaWQiOiIyIiwiX2F1dGhfdXNlcl9iYWNrZW5kIjoiZGphbmdvLmNvbnRyaWIuYXV0aC5iYWNrZW5kcy5Nb2RlbEJhY2tlbmQiLCJfYXV0aF91c2VyX2hhc2giOiJkYmY2NWY5N2Y2MTM5ZDhiZjExYTQ3MGVhZmE1YmJlMjJkOGQwMTFhIn0=','2019-07-05 06:11:37.668766');
INSERT INTO django_session VALUES('78zldl0hyv005sh9bjkb15pbdwbojp9q','MzNjNDgyYzQ1OGIzMzU2NzdiMjRjYmJmYzJjM2FjOTQzNzk0ZWU0Njp7Il9hdXRoX3VzZXJfaWQiOiIyIiwiX2F1dGhfdXNlcl9iYWNrZW5kIjoiZGphbmdvLmNvbnRyaWIuYXV0aC5iYWNrZW5kcy5Nb2RlbEJhY2tlbmQiLCJfYXV0aF91c2VyX2hhc2giOiJkYmY2NWY5N2Y2MTM5ZDhiZjExYTQ3MGVhZmE1YmJlMjJkOGQwMTFhIn0=','2019-07-05 12:05:20.948924');
INSERT INTO django_session VALUES('4wsmzkaezetdw2jdeptwxaaydnq6sqds','NGY1YTExMGQ1YjkyOTE4MWZhNDRlMGJlOWYzZTQzMDQ4OWM3NTdhYTp7Il9hdXRoX3VzZXJfaWQiOiIxIiwiX2F1dGhfdXNlcl9iYWNrZW5kIjoiZGphbmdvLmNvbnRyaWIuYXV0aC5iYWNrZW5kcy5Nb2RlbEJhY2tlbmQiLCJfYXV0aF91c2VyX2hhc2giOiJkMzBjNDQ0OTVkMTRhNTM1Yzg2OWE3NWM1ZjkwNTJlZjQwYmQxYzY0In0=','2019-07-07 07:29:37.133223');
INSERT INTO django_session VALUES('033fdt2ozon05ouk3fo5iczhklrh02x7','NDRkZjVmNGNjMTM3YTUzMzIzNzdlOGU4ODQxY2VkZmJmMWVmOWE0Mjp7Il9hdXRoX3VzZXJfaWQiOiIyIiwiX2F1dGhfdXNlcl9iYWNrZW5kIjoiZGphbmdvLmNvbnRyaWIuYXV0aC5iYWNrZW5kcy5Nb2RlbEJhY2tlbmQiLCJfYXV0aF91c2VyX2hhc2giOiI5YTk2MzUxMzJkOWIzN2RjNGQyYmIxY2YwOTQ4ZTg1OTNjMTUwZGRlIn0=','2019-07-15 07:35:52.673568');
INSERT INTO django_session VALUES('vaszyzhhf6iulio8gqvfivlzkt0i0qwa','NDRkZjVmNGNjMTM3YTUzMzIzNzdlOGU4ODQxY2VkZmJmMWVmOWE0Mjp7Il9hdXRoX3VzZXJfaWQiOiIyIiwiX2F1dGhfdXNlcl9iYWNrZW5kIjoiZGphbmdvLmNvbnRyaWIuYXV0aC5iYWNrZW5kcy5Nb2RlbEJhY2tlbmQiLCJfYXV0aF91c2VyX2hhc2giOiI5YTk2MzUxMzJkOWIzN2RjNGQyYmIxY2YwOTQ4ZTg1OTNjMTUwZGRlIn0=','2019-07-16 08:22:20.326895');
INSERT INTO django_session VALUES('4q8ofzwbm6wqoen9v0vjs1y4p682srg9','N2YwZjcxNjZhZjM1NWMyNTg0ZTNkMjhhYTY5YzU1ZWEzMmQyOWZkMDp7Il9hdXRoX3VzZXJfaWQiOiIyIiwiX2F1dGhfdXNlcl9iYWNrZW5kIjoiZGphbmdvLmNvbnRyaWIuYXV0aC5iYWNrZW5kcy5Nb2RlbEJhY2tlbmQiLCJfYXV0aF91c2VyX2hhc2giOiJkYjc1MDBiZTQyNjFkNjI4ZDc4MmMxZDczYWFlMjEzNDQ5NjcyMzQ2In0=','2019-07-16 16:05:15.345995');
INSERT INTO django_session VALUES('34ulbp2hef1sgd95p6dy7cezqlvr5ujw','MDk1ZTNiODJjZDFlOTlkNmNiM2FiMTBiYTI0ODQyYWI5Mzc2MzU2NDp7Il9hdXRoX3VzZXJfaWQiOiIzIiwiX2F1dGhfdXNlcl9iYWNrZW5kIjoiZGphbmdvLmNvbnRyaWIuYXV0aC5iYWNrZW5kcy5Nb2RlbEJhY2tlbmQiLCJfYXV0aF91c2VyX2hhc2giOiI3NWYwOTkwYTIyMDUxZjNkMWZkZGM3YjliMTRhOWIxNzViZDE3NWQxIn0=','2019-07-16 16:11:11.141897');
INSERT INTO django_session VALUES('rhlcp8vf219fcfv5vessb4o66y5k7cxb','N2YwZjcxNjZhZjM1NWMyNTg0ZTNkMjhhYTY5YzU1ZWEzMmQyOWZkMDp7Il9hdXRoX3VzZXJfaWQiOiIyIiwiX2F1dGhfdXNlcl9iYWNrZW5kIjoiZGphbmdvLmNvbnRyaWIuYXV0aC5iYWNrZW5kcy5Nb2RlbEJhY2tlbmQiLCJfYXV0aF91c2VyX2hhc2giOiJkYjc1MDBiZTQyNjFkNjI4ZDc4MmMxZDczYWFlMjEzNDQ5NjcyMzQ2In0=','2019-07-18 06:01:28.920940');
INSERT INTO django_session VALUES('s5yuhsg0xnbn0ptu39va0slqjgivz75u','NGY1YTExMGQ1YjkyOTE4MWZhNDRlMGJlOWYzZTQzMDQ4OWM3NTdhYTp7Il9hdXRoX3VzZXJfaWQiOiIxIiwiX2F1dGhfdXNlcl9iYWNrZW5kIjoiZGphbmdvLmNvbnRyaWIuYXV0aC5iYWNrZW5kcy5Nb2RlbEJhY2tlbmQiLCJfYXV0aF91c2VyX2hhc2giOiJkMzBjNDQ0OTVkMTRhNTM1Yzg2OWE3NWM1ZjkwNTJlZjQwYmQxYzY0In0=','2019-07-18 11:59:00.247033');
INSERT INTO django_session VALUES('7a00ezy9p0j6gyiey8mr1xrixe1umbly','NGY1YTExMGQ1YjkyOTE4MWZhNDRlMGJlOWYzZTQzMDQ4OWM3NTdhYTp7Il9hdXRoX3VzZXJfaWQiOiIxIiwiX2F1dGhfdXNlcl9iYWNrZW5kIjoiZGphbmdvLmNvbnRyaWIuYXV0aC5iYWNrZW5kcy5Nb2RlbEJhY2tlbmQiLCJfYXV0aF91c2VyX2hhc2giOiJkMzBjNDQ0OTVkMTRhNTM1Yzg2OWE3NWM1ZjkwNTJlZjQwYmQxYzY0In0=','2019-07-18 12:05:07.786336');
INSERT INTO django_session VALUES('marpcqbpwy34pe787zja5g7k8sub6lpn','ZmRlOTA0NDFlY2YxMmFhNGIwZDg3NTQwMDBkZGE5YzViNDdiYmIwMTp7Il9hdXRoX3VzZXJfaWQiOiI1IiwiX2F1dGhfdXNlcl9iYWNrZW5kIjoiZGphbmdvLmNvbnRyaWIuYXV0aC5iYWNrZW5kcy5Nb2RlbEJhY2tlbmQiLCJfYXV0aF91c2VyX2hhc2giOiI2ZWE1YzdiOTgyYTFlNmM1M2ExNDQyMGEwZjRiNjAzZjk3YjljNmNkIn0=','2019-07-21 10:09:18.767913');
CREATE TABLE IF NOT EXISTS faculty_daysofweek (id integer NOT NULL PRIMARY KEY AUTO_INCREMENT, day_name varchar(255) NOT NULL);
INSERT INTO faculty_daysofweek VALUES(0,'Sunday');
INSERT INTO faculty_daysofweek VALUES(1,'Monday');
INSERT INTO faculty_daysofweek VALUES(2,'Tuesday');
INSERT INTO faculty_daysofweek VALUES(3,'Wednesday');
INSERT INTO faculty_daysofweek VALUES(4,'Thursday');
INSERT INTO faculty_daysofweek VALUES(5,'Friday');
INSERT INTO faculty_daysofweek VALUES(6,'Saturday');
CREATE TABLE IF NOT EXISTS faculty_subject_teaching_faculty (id integer NOT NULL PRIMARY KEY AUTO_INCREMENT, subject_id integer NOT NULL REFERENCES faculty_subject (id) , user_id integer NOT NULL REFERENCES auth_user (id) );
INSERT INTO faculty_subject_teaching_faculty VALUES(1,1,1);
INSERT INTO faculty_subject_teaching_faculty VALUES(2,2,1);
INSERT INTO faculty_subject_teaching_faculty VALUES(3,3,2);
INSERT INTO faculty_subject_teaching_faculty VALUES(4,4,3);
INSERT INTO faculty_subject_teaching_faculty VALUES(5,5,4);
INSERT INTO faculty_subject_teaching_faculty VALUES(6,4,4);
INSERT INTO faculty_subject_teaching_faculty VALUES(7,3,3);
INSERT INTO faculty_subject_teaching_faculty VALUES(8,2,3);
INSERT INTO faculty_subject_teaching_faculty VALUES(9,1,5);
CREATE TABLE IF NOT EXISTS faculty_leave (id integer NOT NULL PRIMARY KEY AUTO_INCREMENT, leave_note text NOT NULL, approved_status bool NOT NULL, leave_start_date date NOT NULL, leave_end_date date NOT NULL, leave_taken_by_id integer NULL REFERENCES auth_user (id) , leave_end_time time NOT NULL, leave_start_time time NOT NULL);
INSERT INTO faculty_leave VALUES(61,'',1,'2019-04-14','2019-04-20',2,'21:00:00','09:00:00');
INSERT INTO faculty_leave VALUES(62,'',0,'2019-06-16','2019-06-22',1,'21:00:00','09:00:00');
INSERT INTO faculty_leave VALUES(63,'',0,'2019-06-24','2019-06-28',2,'21:00:00','09:00:00');
INSERT INTO faculty_leave VALUES(64,'',0,'2019-06-03','2019-06-07',2,'21:00:00','09:00:00');
INSERT INTO faculty_leave VALUES(65,'',0,'2019-07-08','2019-07-12',2,'17:15:00','10:30:00');
INSERT INTO faculty_leave VALUES(66,'',0,'2019-07-11','2019-07-11',2,'01:15:00','10:30:00');
INSERT INTO faculty_leave VALUES(67,'',0,'2019-11-07','2019-11-07',2,'17:15:00','10:30:00');
CREATE TABLE IF NOT EXISTS faculty_timeslot (id integer NOT NULL PRIMARY KEY AUTO_INCREMENT, end_time time NOT NULL, start_time time NOT NULL);
INSERT INTO faculty_timeslot VALUES(1,'11:30:00','10:30:00');
INSERT INTO faculty_timeslot VALUES(2,'12:30:00','11:30:00');
INSERT INTO faculty_timeslot VALUES(3,'12:30:00','10:30:00');
INSERT INTO faculty_timeslot VALUES(4,'13:15:00','10:30:00');
INSERT INTO faculty_timeslot VALUES(5,'17:15:00','13:15:00');
INSERT INTO faculty_timeslot VALUES(6,'14:15:00','13:15:00');
INSERT INTO faculty_timeslot VALUES(7,'15:15:00','14:15:00');
INSERT INTO faculty_timeslot VALUES(8,'15:15:00','13:15:00');
INSERT INTO faculty_timeslot VALUES(9,'16:15:00','15:15:00');
INSERT INTO faculty_timeslot VALUES(10,'17:15:00','16:15:00');
INSERT INTO faculty_timeslot VALUES(11,'17:15:00','15:15:00');
INSERT INTO faculty_timeslot VALUES(12,'17:15:00','10:30:00');
CREATE TABLE IF NOT EXISTS auth_group (id integer NOT NULL PRIMARY KEY AUTO_INCREMENT, name varchar(150) NOT NULL UNIQUE);
CREATE TABLE IF NOT EXISTS faculty_year (id integer NOT NULL PRIMARY KEY AUTO_INCREMENT, year varchar(255) NOT NULL);
INSERT INTO faculty_year VALUES(1,'SY');
INSERT INTO faculty_year VALUES(2,'TY');
INSERT INTO faculty_year VALUES(3,'LY');
CREATE TABLE IF NOT EXISTS faculty_subject (id integer NOT NULL PRIMARY KEY AUTO_INCREMENT, sname varchar(255) NOT NULL, year_id integer NULL REFERENCES faculty_year (id) );
INSERT INTO faculty_subject VALUES(1,'M4',1);
INSERT INTO faculty_subject VALUES(2,'COA',1);
INSERT INTO faculty_subject VALUES(3,'AOA',1);
INSERT INTO faculty_subject VALUES(4,'DCN',1);
INSERT INTO faculty_subject VALUES(5,'WP',1);
CREATE TABLE IF NOT EXISTS faculty_room (id integer NOT NULL PRIMARY KEY AUTO_INCREMENT, room varchar(255) NOT NULL);
INSERT INTO faculty_room VALUES(1,'B301');
INSERT INTO faculty_room VALUES(2,'B302');
INSERT INTO faculty_room VALUES(3,'B303');
INSERT INTO faculty_room VALUES(4,'B304');
INSERT INTO faculty_room VALUES(5,'B305');
INSERT INTO faculty_room VALUES(6,'B306');
INSERT INTO faculty_room VALUES(7,'B307');
INSERT INTO faculty_room VALUES(8,'B308');
INSERT INTO faculty_room VALUES(9,'B309');
INSERT INTO faculty_room VALUES(10,'B310');
INSERT INTO faculty_room VALUES(11,'B311');
INSERT INTO faculty_room VALUES(12,'B312');
INSERT INTO faculty_room VALUES(13,'B313');
INSERT INTO faculty_room VALUES(14,'B314');
INSERT INTO faculty_room VALUES(15,'B315');
INSERT INTO faculty_room VALUES(16,'B316');
INSERT INTO faculty_room VALUES(17,'B317');
CREATE TABLE IF NOT EXISTS faculty_division (id integer NOT NULL PRIMARY KEY AUTO_INCREMENT, division varchar(255) NOT NULL, div_of_id integer NULL REFERENCES faculty_year (id) );
INSERT INTO faculty_division VALUES(1,'A',NULL);
INSERT INTO faculty_division VALUES(3,'B',NULL);
CREATE TABLE IF NOT EXISTS faculty_batch (id integer NOT NULL PRIMARY KEY AUTO_INCREMENT, batch varchar(255) NOT NULL, batch_of_div_id integer NULL REFERENCES faculty_division (id) , batch_of_year_id integer NULL REFERENCES faculty_year (id) );
INSERT INTO faculty_batch VALUES(1,'A1',1,1);
INSERT INTO faculty_batch VALUES(2,'A2',1,1);
INSERT INTO faculty_batch VALUES(3,'A3',1,1);
INSERT INTO faculty_batch VALUES(4,'A4',1,1);
INSERT INTO faculty_batch VALUES(5,'B1',3,1);
INSERT INTO faculty_batch VALUES(6,'B2',3,1);
INSERT INTO faculty_batch VALUES(7,'B3',3,1);
INSERT INTO faculty_batch VALUES(8,'B4',3,1);
INSERT INTO faculty_batch VALUES(9,'A1',1,2);
INSERT INTO faculty_batch VALUES(10,'A2',1,2);
INSERT INTO faculty_batch VALUES(11,'A3',1,2);
INSERT INTO faculty_batch VALUES(12,'A4',1,2);
INSERT INTO faculty_batch VALUES(13,'B1',3,2);
INSERT INTO faculty_batch VALUES(14,'B2',3,2);
INSERT INTO faculty_batch VALUES(15,'B3',3,2);
INSERT INTO faculty_batch VALUES(16,'B4',3,2);
INSERT INTO faculty_batch VALUES(17,'A1',1,3);
INSERT INTO faculty_batch VALUES(18,'A2',1,3);
INSERT INTO faculty_batch VALUES(19,'A3',1,3);
INSERT INTO faculty_batch VALUES(20,'A4',1,3);
INSERT INTO faculty_batch VALUES(21,'B1',3,3);
INSERT INTO faculty_batch VALUES(22,'B2',3,3);
INSERT INTO faculty_batch VALUES(23,'B3',3,3);
INSERT INTO faculty_batch VALUES(24,'B4',3,3);
CREATE TABLE IF NOT EXISTS faculty_makeuplecture (id integer NOT NULL PRIMARY KEY AUTO_INCREMENT, lec_date date NOT NULL, lec_subject_id integer NOT NULL REFERENCES faculty_subject (id) , lec_taken_by_id integer NOT NULL REFERENCES auth_user (id) , lec_time_id integer NOT NULL REFERENCES faculty_timeslot (id) , division_id integer NOT NULL REFERENCES faculty_division (id) , year_id integer NOT NULL REFERENCES faculty_year (id) , lec_in_id integer NULL REFERENCES faculty_room (id) );
INSERT INTO faculty_makeuplecture VALUES(1,'2019-06-13',1,3,10,3,1,3);
INSERT INTO faculty_makeuplecture VALUES(2,'2019-06-13',2,1,9,1,1,2);
INSERT INTO faculty_makeuplecture VALUES(3,'2019-06-13',1,1,6,3,1,3);
INSERT INTO faculty_makeuplecture VALUES(4,'2019-12-06',1,5,2,1,1,2);
INSERT INTO faculty_makeuplecture VALUES(5,'2019-12-06',1,5,7,1,1,2);
INSERT INTO faculty_makeuplecture VALUES(6,'2019-06-13',2,3,1,1,2,2);
CREATE TABLE IF NOT EXISTS faculty_ia (id integer NOT NULL PRIMARY KEY AUTO_INCREMENT, ia_date date NOT NULL, ia_in_id integer NULL REFERENCES faculty_room (id) , ia_subject_id integer NOT NULL REFERENCES faculty_subject (id) , ia_time_id integer NOT NULL REFERENCES faculty_timeslot (id) , ia_year_id integer NOT NULL REFERENCES faculty_year (id) );
INSERT INTO faculty_ia VALUES(1,'2019-06-20',2,5,1,1);
INSERT INTO faculty_ia VALUES(2,'2019-06-17',15,2,6,1);
CREATE TABLE IF NOT EXISTS faculty_guestlecture (id integer NOT NULL PRIMARY KEY AUTO_INCREMENT, lec_date date NOT NULL, lec_in_id integer NULL REFERENCES faculty_room (id) , lec_subject_id integer NOT NULL REFERENCES faculty_subject (id) , lec_time_id integer NOT NULL REFERENCES faculty_timeslot (id) , lec_year_id integer NOT NULL REFERENCES faculty_year (id) );
INSERT INTO faculty_guestlecture VALUES(1,'2019-06-20',17,3,9,1);
INSERT INTO faculty_guestlecture VALUES(2,'2019-06-18',2,1,6,1);
CREATE TABLE IF NOT EXISTS faculty_od (id integer NOT NULL PRIMARY KEY AUTO_INCREMENT, od_type varchar(20) NOT NULL, od_title varchar(255) NOT NULL, od_details text NOT NULL, supporting_organisation varchar(20) NOT NULL, from_date date NOT NULL, to_date date NOT NULL, last_date date NOT NULL, fees integer NULL, scope text NULL, approved_status bool NOT NULL, taken_by_id integer NOT NULL REFERENCES auth_user (id) , correspondence varchar(100) NULL);
INSERT INTO faculty_od VALUES(13,'STTP','Reflecto','Poly VV','IEEE','2019-06-24','2019-06-29','2019-06-23',600,'Learn AI',1,2,'od/correspondence/AOA_TUT1_1824022.pdf');
INSERT INTO faculty_od VALUES(14,'STTP','Reflecto','Poly VV','IEEE','2019-06-24','2019-06-29','2019-06-23',600,'Learn AI',0,2,'od/correspondence/AOA_TUT1_1824022_AeP9DW2.pdf');
INSERT INTO faculty_od VALUES(15,'STTP','Reflecto','Poly VV','IEEE','2019-06-24','2019-06-29','2019-06-23',600,'Learn AI',0,2,'od/correspondence/AOA_TUT1_1824022_3KMIF9r.pdf');
INSERT INTO faculty_od VALUES(16,'STTP','Reflecto','Poly VV','IEEE','2019-06-24','2019-06-29','2019-06-23',600,'Learn AI',0,2,'od/correspondence/AOA_TUT1_1824022_GpAcNnK.pdf');
INSERT INTO faculty_od VALUES(17,'STTP','Reflecto','Poly VV','IEEE','2019-06-24','2019-06-29','2019-06-23',600,'Learn AI',0,2,'od/correspondence/AOA_TUT1_1824022_tXyFeAB.pdf');
INSERT INTO faculty_od VALUES(18,'STTP','Reflecto','Poly VV','IEEE','2019-06-24','2019-06-29','2019-06-23',600,'Learn AI',0,2,'od/correspondence/AOA_TUT1_1824022_qSSFa16.pdf');
INSERT INTO faculty_od VALUES(19,'STTP','Reflecto','Poly VV','IEEE','2019-06-24','2019-06-29','2019-06-23',600,'Learn AI',0,2,'od/correspondence/AOA_TUT1_1824022_TsHqcbn.pdf');
INSERT INTO faculty_od VALUES(20,'STTP','Reflecto','Poly VV','IEEE','2019-06-24','2019-06-29','2019-06-23',600,'Learn AI',0,2,'od/correspondence/AOA_TUT1_1824022_1Cfg9iV.pdf');
INSERT INTO faculty_od VALUES(21,'STTP','Reflecto','Poly VV','IEEE','2019-06-24','2019-06-29','2019-06-23',600,'Learn AI',0,2,'od/correspondence/AOA_TUT1_1824022_jDiaP4F.pdf');
INSERT INTO faculty_od VALUES(22,'STTP','Reflecto','Poly VV','IEEE','2019-06-24','2019-06-29','2019-06-23',600,'Learn AI',0,2,'od/correspondence/AOA_TUT1_1824022_bYmMd0M.pdf');
INSERT INTO faculty_od VALUES(23,'STTP','Reflecto','Poly VV','IEEE','2019-06-24','2019-06-29','2019-06-23',600,'Learn AI',0,2,'od/correspondence/AOA_TUT1_1824022_Qdwsq1i.pdf');
INSERT INTO faculty_od VALUES(24,'STTP','Reflecto','Poly VV','IEEE','2019-06-24','2019-06-29','2019-06-23',600,'Learn AI',0,2,'od/correspondence/AOA_TUT1_1824022_N0tOBfn.pdf');
INSERT INTO faculty_od VALUES(25,'STTP','Reflecto','Poly VV','IEEE','2019-06-24','2019-06-29','2019-06-23',600,'Learn AI',0,2,'od/correspondence/AOA_TUT1_1824022_fbNSO2Q.pdf');
INSERT INTO faculty_od VALUES(26,'STTP','Reflecto','Poly VV','IEEE','2019-06-24','2019-06-29','2019-06-23',600,'Learn AI',0,2,'od/correspondence/AOA_TUT1_1824022_P26FscU.pdf');
INSERT INTO faculty_od VALUES(27,'STTP','Reflecto','Poly VV','IEEE','2019-06-24','2019-06-29','2019-06-23',600,'Learn AI',0,2,'od/correspondence/AOA_TUT1_1824022_kClUKNT.pdf');
INSERT INTO faculty_od VALUES(28,'STTP','Reflecto','Poly VV','IEEE','2019-06-24','2019-06-29','2019-06-23',600,'Learn AI',0,2,'od/correspondence/AOA_TUT1_1824022_nNnjd3p.pdf');
INSERT INTO faculty_od VALUES(29,'STTP','Reflecto','Poly VV','IEEE','2019-06-24','2019-06-29','2019-06-23',600,'Learn AI',0,2,'od/correspondence/AOA_TUT1_1824022_Poa3lvr.pdf');
INSERT INTO faculty_od VALUES(30,'STTP','Reflecto','Poly VV','IEEE','2019-06-24','2019-06-29','2019-06-23',600,'Learn AI',0,2,'od/correspondence/AOA_TUT1_1824022_YBqAqxQ.pdf');
INSERT INTO faculty_od VALUES(31,'STTP','Reflecto','Poly VV','IEEE','2019-06-24','2019-06-29','2019-06-23',600,'Learn AI',0,2,'od/correspondence/AOA_TUT1_1824022_WCUfofz.pdf');
INSERT INTO faculty_od VALUES(32,'STTP','Reflecto','Poly VV','IEEE','2019-06-24','2019-06-29','2019-06-23',600,'Learn AI',0,2,'od/correspondence/AOA_TUT1_1824022_llg1WQo.pdf');
INSERT INTO faculty_od VALUES(33,'STTP','Reflecto','Poly VV','IEEE','2019-06-24','2019-06-29','2019-06-23',600,'Learn AI',0,2,'od/correspondence/AOA_TUT1_1824022_Cj2XLDA.pdf');
INSERT INTO faculty_od VALUES(34,'STTP','Reflecto','Poly VV','IEEE','2019-06-24','2019-06-29','2019-06-23',600,'Learn AI',0,2,'od/correspondence/AOA_TUT1_1824022_Q2jPPF5.pdf');
INSERT INTO faculty_od VALUES(35,'STTP','Reflecto','Poly VV','IEEE','2019-06-24','2019-06-29','2019-06-23',600,'Learn AI',0,2,'od/correspondence/AOA_TUT1_1824022_1RZ9FFa.pdf');
INSERT INTO faculty_od VALUES(36,'STTP','Reflecto','Poly VV','IEEE','2019-06-24','2019-06-29','2019-06-23',600,'Learn AI',0,2,'od/correspondence/AOA_TUT1_1824022_FnSlWS3.pdf');
INSERT INTO faculty_od VALUES(37,'STTP','Reflecto','Poly VV','IEEE','2019-07-01','2019-07-04','2019-06-29',550,'Learn something obvs',0,2,'od/correspondence/del-bom-3-feb.pdf');
INSERT INTO faculty_od VALUES(38,'STTP','Reflecto','Poly VV','IEEE','2019-07-01','2019-07-04','2019-06-29',550,'Learn ML',0,2,'od/correspondence/del-bom-3-feb_xuyjRDS.pdf');
INSERT INTO faculty_od VALUES(39,'STTP','Reflecto','Poly VV','IEEE','2019-07-01','2019-07-04','2019-06-29',550,'Learn ML',0,2,'od/correspondence/del-bom-3-feb_YGCHTAg.pdf');
INSERT INTO faculty_od VALUES(40,'STTP','Reflecto','Poly VV','IEEE','2019-07-08','2019-07-08','2019-07-05',600,'Learn ML',0,2,'od/correspondence/Standard_Chartered_Bank_CardNet.pdf');
INSERT INTO faculty_od VALUES(41,'STTP','Reflecto','Poly Vv','IEEE','2019-07-08','2019-07-08','2019-07-05',600,'Learn something ',0,3,'od/correspondence/EBD08AC0-8688-482B-9910-0562EE5E5C86_GoWBmNY.jpeg');
INSERT INTO faculty_od VALUES(42,'Workshop','Reflecto','Poly VV','IEEE','2019-07-08','2019-07-12','2019-07-05',600,'Learn UI',0,2,'od/correspondence/Standard_Chartered_Bank_CardNet_rx8bS6m.pdf');
INSERT INTO faculty_od VALUES(43,'Seminar','sgsgrgw','rgerger regregerg','errhethe','2019-07-11','2019-07-12','2019-07-10',433,'fdbtb trthrshtstr',0,2,'od/correspondence/test.csv');
INSERT INTO faculty_od VALUES(44,'Seminar','sgsgrgw','rgerger regregerg','errhethe','2019-07-11','2019-07-12','2019-07-10',433,'fdbtb trthrshtstr',0,2,'od/correspondence/test_TnD15q5.csv');
INSERT INTO faculty_od VALUES(45,'Seminar','sgsgrgw','rgerger regregerg','errhethe','2019-07-11','2019-07-12','2019-07-10',433,'fdbtb trthrshtstr',0,2,'od/correspondence/test_EUjUQxy.csv');
INSERT INTO faculty_od VALUES(46,'Seminar','sgsgrgw','rgerger regregerg','errhethe','2019-07-11','2019-07-12','2019-07-10',433,'fdbtb trthrshtstr',0,2,'od/correspondence/test_S8fXqHm.csv');
INSERT INTO faculty_od VALUES(47,'Seminar','sgsgrgw','rgerger regregerg','errhethe','2019-07-11','2019-07-12','2019-07-10',433,'fdbtb trthrshtstr',0,2,'od/correspondence/test_fYPYcGQ.csv');
INSERT INTO faculty_od VALUES(48,'Seminar','sgsgrgw','rgerger regregerg','errhethe','2019-07-11','2019-07-12','2019-07-10',433,'fdbtb trthrshtstr',0,2,'od/correspondence/test_n785yDU.csv');
INSERT INTO faculty_od VALUES(49,'Seminar','sgsgrgw','rgerger regregerg','errhethe','2019-07-11','2019-07-12','2019-07-10',433,'fdbtb trthrshtstr',0,2,'od/correspondence/test.csv');
CREATE TABLE IF NOT EXISTS mailer_message (id integer NOT NULL PRIMARY KEY AUTO_INCREMENT, message_data text NOT NULL, when_added datetime NOT NULL, priority varchar(1) NOT NULL);
CREATE TABLE IF NOT EXISTS mailer_dontsendentry (id integer NOT NULL PRIMARY KEY AUTO_INCREMENT, when_added datetime NOT NULL, to_address varchar(254) NOT NULL);
CREATE TABLE IF NOT EXISTS mailer_messagelog (id integer NOT NULL PRIMARY KEY AUTO_INCREMENT, message_data text NOT NULL, when_added datetime NOT NULL, priority varchar(1) NOT NULL, when_attempted datetime NOT NULL, result varchar(1) NOT NULL, log_message text NOT NULL, message_id text NULL);
INSERT INTO mailer_messagelog VALUES(1,replace('gANjZGphbmdvLmNvcmUubWFpbC5tZXNzYWdlCkVtYWlsTWVzc2FnZQpxACmBcQF9cQIoWAIAAAB0\nb3EDXXEEWBYAAABoLm1hbmRsZWthckBpY2xvdWQuY29tcQVhWAIAAABjY3EGXXEHWAMAAABiY2Nx\nCF1xCVgIAAAAcmVwbHlfdG9xCl1xC1gKAAAAZnJvbV9lbWFpbHEMWBMAAABjbXMua2pzY2VAZ21h\naWwuY29tcQ1YBwAAAHN1YmplY3RxDlgWAAAATmV3IExvYWQgU2hpZnQgcmVxdWVzdHEPWAQAAABi\nb2R5cRBYHwAAAExlY3R1cmUgOiBDT0EvbiBGcm9tIDogdGVhY2hlcjFxEVgLAAAAYXR0YWNobWVu\ndHNxEl1xE1gNAAAAZXh0cmFfaGVhZGVyc3EUfXEVWAoAAABNZXNzYWdlLUlEcRZYMgAAADwxNTYy\nMjM3Nzk2MDQuOTQ0LjUxOTIwNDIwOTgzMDcyNTcyNTFAdXNlci1QQy5sYW4+cRdzWAoAAABjb25u\nZWN0aW9ucRhOdWIu\n','\n',char(10)),'2019-07-02 17:12:44.912971','2','2019-07-04 10:56:41.540819','1','','<156223779604.944.5192042098307257251@user-PC.lan>');
INSERT INTO mailer_messagelog VALUES(2,replace('gANjZGphbmdvLmNvcmUubWFpbC5tZXNzYWdlCkVtYWlsTWVzc2FnZQpxACmBcQF9cQIoWAIAAAB0\nb3EDXXEEWBYAAABoYXJzaGFsLnBtQHNvbWFpeWEuZWR1cQVhWAIAAABjY3EGXXEHWAMAAABiY2Nx\nCF1xCVgIAAAAcmVwbHlfdG9xCl1xC1gKAAAAZnJvbV9lbWFpbHEMWBMAAABjbXMua2pzY2VAZ21h\naWwuY29tcQ1YBwAAAHN1YmplY3RxDlgWAAAATmV3IExvYWQgU2hpZnQgcmVxdWVzdHEPWAQAAABi\nb2R5cRBYHwAAAExlY3R1cmUgOiBBT0EvbiBGcm9tIDogdGVhY2hlcjFxEVgLAAAAYXR0YWNobWVu\ndHNxEl1xE1gNAAAAZXh0cmFfaGVhZGVyc3EUfXEVWAoAAABNZXNzYWdlLUlEcRZYMQAAADwxNTYy\nMjM3ODAxOTEuOTQ0LjYzOTIwMDMzMzg3NTkwMjM5MkB1c2VyLVBDLmxhbj5xF3NYCgAAAGNvbm5l\nY3Rpb25xGE51Yi4=\n','\n',char(10)),'2019-07-02 17:12:45.273991','2','2019-07-04 10:56:45.876735','1','','<156223780191.944.639200333875902392@user-PC.lan>');
INSERT INTO mailer_messagelog VALUES(3,replace('gANjZGphbmdvLmNvcmUubWFpbC5tZXNzYWdlCkVtYWlsTWVzc2FnZQpxACmBcQF9cQIoWAIAAAB0\nb3EDXXEEWBYAAABoYXJzaGFsLnBtQHNvbWFpeWEuZWR1cQVhWAIAAABjY3EGXXEHWAMAAABiY2Nx\nCF1xCVgIAAAAcmVwbHlfdG9xCl1xC1gKAAAAZnJvbV9lbWFpbHEMWBMAAABjbXMua2pzY2VAZ21h\naWwuY29tcQ1YBwAAAHN1YmplY3RxDlgWAAAATmV3IExvYWQgU2hpZnQgcmVxdWVzdHEPWAQAAABi\nb2R5cRBYHgAAAExlY3R1cmUgOiBXUC9uIEZyb20gOiB0ZWFjaGVyMXERWAsAAABhdHRhY2htZW50\nc3ESXXETWA0AAABleHRyYV9oZWFkZXJzcRR9cRVYCgAAAE1lc3NhZ2UtSURxFlgzAAAAPDE1NjIy\nMzc4MDYxNS45NDQuMTc0MDQwODYwNTI0NzM5OTI4NDVAdXNlci1QQy5sYW4+cRdzWAoAAABjb25u\nZWN0aW9ucRhOdWIu\n','\n',char(10)),'2019-07-02 17:12:45.538006','2','2019-07-04 10:56:50.397812','1','','<156223780615.944.17404086052473992845@user-PC.lan>');
INSERT INTO mailer_messagelog VALUES(4,replace('gANjZGphbmdvLmNvcmUubWFpbC5tZXNzYWdlCkVtYWlsTWVzc2FnZQpxACmBcQF9cQIoWAIAAAB0\nb3EDXXEEWBYAAABoYXJzaGFsLnBtQHNvbWFpeWEuZWR1cQVhWAIAAABjY3EGXXEHWAMAAABiY2Nx\nCF1xCVgIAAAAcmVwbHlfdG9xCl1xC1gKAAAAZnJvbV9lbWFpbHEMWBMAAABjbXMua2pzY2VAZ21h\naWwuY29tcQ1YBwAAAHN1YmplY3RxDlgJAAAAVGVzdCBNYWlscQ9YBAAAAGJvZHlxEFgeAAAAVGhp\ncyBpcyBhIHRlc3QgbWFpbCBmcm9tIGFkbWlucRFYCwAAAGF0dGFjaG1lbnRzcRJdcRNYDQAAAGV4\ndHJhX2hlYWRlcnNxFH1xFVgKAAAATWVzc2FnZS1JRHEWWDIAAAA8MTU2MjIzNzgxMDY2Ljk0NC44\nNTI3MTkyNTUxMDEwNTk4OTA0QHVzZXItUEMubGFuPnEXc1gKAAAAY29ubmVjdGlvbnEYTnViLg==\n','\n',char(10)),'2019-07-04 10:19:49.830424','2','2019-07-04 10:56:55.039167','1','','<156223781066.944.8527192551010598904@user-PC.lan>');
INSERT INTO mailer_messagelog VALUES(5,replace('gANjZGphbmdvLmNvcmUubWFpbC5tZXNzYWdlCkVtYWlsTXVsdGlBbHRlcm5hdGl2ZXMKcQApgXEB\nfXECKFgCAAAAdG9xA11xBFgWAAAAaGFyc2hhbC5wbUBzb21haXlhLmVkdXEFYVgCAAAAY2NxBl1x\nB1gDAAAAYmNjcQhdcQlYCAAAAHJlcGx5X3RvcQpdcQtYCgAAAGZyb21fZW1haWxxDFgTAAAAY21z\nLmtqc2NlQGdtYWlsLmNvbXENWAcAAABzdWJqZWN0cQ5YCQAAAFRlc3QgTWFpbHEPWAQAAABib2R5\ncRBYHgAAAFRoaXMgaXMgYSB0ZXN0IG1haWwgZnJvbSBhZG1pbnERWAsAAABhdHRhY2htZW50c3ES\nXXETWA0AAABleHRyYV9oZWFkZXJzcRR9cRVYCgAAAE1lc3NhZ2UtSURxFlgzAAAAPDE1NjIyMzc4\nMTUzNC45NDQuMTQ4MTQzMTIyNjE3OTIzMTAxMzRAdXNlci1QQy5sYW4+cRdzWAoAAABjb25uZWN0\naW9ucRhOWAwAAABhbHRlcm5hdGl2ZXNxGV1xGnViLg==\n','\n',char(10)),'2019-07-04 10:48:34.992409','2','2019-07-04 10:56:59.535959','1','','<156223781534.944.14814312261792310134@user-PC.lan>');
CREATE TABLE IF NOT EXISTS faculty_loadshift (id integer NOT NULL PRIMARY KEY AUTO_INCREMENT, for_lecture_id integer NOT NULL REFERENCES faculty_lecture (id) , leave_id integer NULL REFERENCES faculty_leave (id) , to_faculty_id integer NOT NULL REFERENCES auth_user (id) , od_id integer NULL REFERENCES faculty_od (id) , approved_status bool NOT NULL);
INSERT INTO faculty_loadshift VALUES(1,2,NULL,5,39,0);
INSERT INTO faculty_loadshift VALUES(2,27,NULL,4,39,0);
INSERT INTO faculty_loadshift VALUES(3,2,64,4,NULL,0);
INSERT INTO faculty_loadshift VALUES(4,14,64,3,NULL,0);
INSERT INTO faculty_loadshift VALUES(5,27,64,5,NULL,0);
INSERT INTO faculty_loadshift VALUES(6,2,65,5,NULL,0);
INSERT INTO faculty_loadshift VALUES(7,14,65,1,NULL,1);
INSERT INTO faculty_loadshift VALUES(9,2,NULL,5,42,0);
INSERT INTO faculty_loadshift VALUES(10,14,NULL,3,42,0);
INSERT INTO faculty_loadshift VALUES(11,27,NULL,3,42,0);
CREATE TABLE IF NOT EXISTS jet_bookmark (id integer NOT NULL PRIMARY KEY AUTO_INCREMENT, url varchar(200) NOT NULL, title varchar(255) NOT NULL, user integer  NOT NULL CHECK (user >= 0), date_add datetime NOT NULL);
CREATE TABLE IF NOT EXISTS jet_pinnedapplication (id integer NOT NULL PRIMARY KEY AUTO_INCREMENT, app_label varchar(255) NOT NULL, user integer  NOT NULL CHECK (user >= 0), date_add datetime NOT NULL);
CREATE TABLE IF NOT EXISTS dashboard_userdashboardmodule (id integer NOT NULL PRIMARY KEY AUTO_INCREMENT, title varchar(255) NOT NULL, module varchar(255) NOT NULL, app_label varchar(255) NULL, user integer  NOT NULL, col integer  NOT NULL, ord integer NOT NULL, settings text NOT NULL, children text NOT NULL, collapsed bool NOT NULL);
INSERT INTO dashboard_userdashboardmodule VALUES(1,'Quick links','jet.dashboard.modules.LinkList',NULL,1,0,0,'{draggable: false, deletable: false, collapsible: false, layout: inline}','[{title: Return to site, url: /}, {title: Change password, url: /admin/password_change/}, {title: Log out, url: /admin/logout/}]',0);
INSERT INTO dashboard_userdashboardmodule VALUES(2,'Applications','jet.dashboard.modules.AppList',NULL,1,1,0,'{models: null, exclude: [auth.*]}','',0);
INSERT INTO dashboard_userdashboardmodule VALUES(3,'Administration','jet.dashboard.modules.AppList',NULL,1,0,1,'{models: [auth.*], exclude: null}','',0);
INSERT INTO dashboard_userdashboardmodule VALUES(4,'Recent Actions','jet.dashboard.modules.RecentActions',NULL,1,2,0,'{limit: 10, include_list: null, exclude_list: null, user: null}','',0);
INSERT INTO dashboard_userdashboardmodule VALUES(5,'Latest Django News','jet.dashboard.modules.Feed',NULL,1,1,1,'{feed_url: http://www.djangoproject.com/rss/weblog/, limit: 5}','',1);
CREATE TABLE IF NOT EXISTS faculty_lecture (id integer NOT NULL PRIMARY KEY AUTO_INCREMENT, lec_day_id integer NOT NULL REFERENCES faculty_daysofweek (id) , lec_div_id integer NULL REFERENCES faculty_division (id) , lec_time_id integer NOT NULL REFERENCES faculty_timeslot (id) , lname_id integer NOT NULL REFERENCES faculty_subject (id) , taken_by_id integer NOT NULL REFERENCES auth_user (id) , lec_in_id integer NULL REFERENCES faculty_room (id) , lec_batch_id integer NULL REFERENCES faculty_batch (id) );
INSERT INTO faculty_lecture VALUES(1,1,1,1,1,1,NULL,NULL);
INSERT INTO faculty_lecture VALUES(2,1,3,3,2,2,NULL,NULL);
INSERT INTO faculty_lecture VALUES(4,4,1,7,5,4,13,NULL);
INSERT INTO faculty_lecture VALUES(5,4,3,2,3,3,5,NULL);
INSERT INTO faculty_lecture VALUES(6,4,1,2,4,1,3,NULL);
INSERT INTO faculty_lecture VALUES(10,1,1,3,1,1,11,NULL);
INSERT INTO faculty_lecture VALUES(14,4,3,7,3,2,6,NULL);
INSERT INTO faculty_lecture VALUES(27,1,1,11,5,2,10,NULL);
